{
  "main": {
    "bn-BD": {
      "identity": {
        "version": {
          "_cldrVersion": "26",
          "_number": "$Revision: 10669 $"
        },
        "generation": {
          "_date": "$Date: 2014-07-23 16:10:33 -0500 (Wed, 23 Jul 2014) $"
        },
        "language": "bn",
        "territory": "BD"
      },
      "characters": {
        "exemplarCharacters": "[\u09BC ৺ অ আ ই ঈ উ ঊ ঋ ৠ ঌ ৡ এ ঐ ও ঔ ং ঃ \u0981 ক {ক\u09CDষ} খ গ ঘ ঙ চ ছ জ ঝ ঞ ট ঠ ড {ড\u09BC} ঢ {ঢ\u09BC} ণ ত ৎ থ দ ধ ন প ফ ব ভ ম য {য\u09BC} র ল শ ষ স হ ঽ া ি ী \u09C1 \u09C2 \u09C3 \u09C4 \u09E2 \u09E3 ে ৈ ো ৌ \u09CD ৗ]",
        "auxiliary": "[\u200C\u200D ৲ ৳ ৴ ৵ ৶ ৷ ৸ ৹ ৰ ৱ]",
        "punctuation": "[\\- , ; \\: ! ? . ( ) \\[ \\] \\{ \\}]",
        "index": "[অ আ ই ঈ উ ঊ ঋ এ ঐ ও ঔ ক {ক\u09CDষ} খ গ ঘ ঙ চ ছ জ ঝ ঞ ট ঠ ড ঢ ণ ত থ দ ধ ন প ফ ব ভ ম য র ল শ ষ স হ]",
        "ellipsis": {
          "initial": "… {0}",
          "medial": "{0} … {1}",
          "final": "{0} …",
          "word-initial": "… {0}",
          "word-medial": "{0} … {1}",
          "word-final": "{0} …"
        },
        "moreInformation": "?"
      }
    }
  }
}
