{
  "main": {
    "bn-BD": {
      "identity": {
        "version": {
          "_cldrVersion": "26",
          "_number": "$Revision: 10669 $"
        },
        "generation": {
          "_date": "$Date: 2014-07-23 16:10:33 -0500 (Wed, 23 Jul 2014) $"
        },
        "language": "bn",
        "territory": "BD"
      },
      "localeDisplayNames": {
        "languages": {
          "aa": "আফার",
          "ab": "আব্খাজিয়",
          "ace": "আচিনিয়",
          "ach": "আকোলী",
          "ada": "অদাগ্মে",
          "ady": "আদেগে",
          "ae": "আবেস্তীয়",
          "aeb": "aeb",
          "af": "আফ্রিকান্স",
          "afh": "আফ্রিহিলি",
          "agq": "এঘেম",
          "ain": "আইনু",
          "ak": "আকান",
          "akk": "আক্কাদিয়ান",
          "akz": "akz",
          "ale": "আলেউত",
          "aln": "aln",
          "alt": "দক্ষিন আলতাই",
          "am": "আমহারিক",
          "an": "আর্গোনিজ",
          "ang": "প্রাচীন ইংরেজী",
          "anp": "আঙ্গীকা",
          "ar": "আরবী",
          "ar-001": "আধুনিক আদর্শ আরবী",
          "arc": "আরামাইক",
          "arn": "মাপুচি",
          "aro": "aro",
          "arp": "আরাপাহো",
          "arq": "arq",
          "arw": "আরাওয়াক",
          "ary": "ary",
          "arz": "arz",
          "as": "আসামি",
          "asa": "আসু",
          "ase": "ase",
          "ast": "আস্তুরিয়",
          "av": "আভেরিক",
          "avk": "avk",
          "awa": "আওয়াধি",
          "ay": "আয়মারা",
          "az": "আজারবাইজানী",
          "az-alt-short": "আজেরি",
          "azb": "azb",
          "ba": "বাশকির",
          "bal": "বেলুচী",
          "ban": "বালিনীয়",
          "bar": "bar",
          "bas": "বাসা",
          "bax": "bax",
          "bbc": "bbc",
          "bbj": "bbj",
          "be": "বেলারুশিয়",
          "bej": "বেজা",
          "bem": "বেম্বা",
          "bew": "bew",
          "bez": "বেনা",
          "bfd": "bfd",
          "bfq": "bfq",
          "bg": "বুলগেরিয়",
          "bho": "ভোজপুরি",
          "bi": "বিসলামা",
          "bik": "বিকোল",
          "bin": "বিনি",
          "bjn": "bjn",
          "bkm": "bkm",
          "bla": "সিকসিকা",
          "bm": "বামবারা",
          "bn": "বাংলা",
          "bo": "তিব্বতি",
          "bpy": "bpy",
          "bqi": "bqi",
          "br": "ব্রেটন",
          "bra": "ব্রাজ",
          "brh": "brh",
          "brx": "বড়ো",
          "bs": "বসনীয়ান",
          "bss": "bss",
          "bua": "বুরিয়াত",
          "bug": "বুগিনি",
          "bum": "bum",
          "byn": "ব্লিন",
          "byv": "byv",
          "ca": "কাতালান",
          "cad": "ক্যাডো",
          "car": "ক্যারিব",
          "cay": "cay",
          "cch": "আত্সাম",
          "ce": "চেচেন",
          "ceb": "চেবুয়ানো",
          "cgg": "চিগা",
          "ch": "চামেরো",
          "chb": "চিবচা",
          "chg": "চাগাতাই",
          "chk": "চুকি",
          "chm": "মারি",
          "chn": "চিনুক পরিভাষা",
          "cho": "চক্টো",
          "chp": "চিপেওয়ান",
          "chr": "চেরোকী",
          "chy": "শাইয়েন",
          "ckb": "সোরানি কুর্দিশ",
          "co": "কর্সিকান",
          "cop": "কপটিক",
          "cps": "cps",
          "cr": "ক্রি",
          "crh": "ক্রিমিয়ান তুর্কি",
          "cs": "চেক",
          "csb": "কাশুবিয়ান",
          "cu": "চার্চ স্লাভিও",
          "cv": "চুবাস",
          "cy": "ওয়েলশ",
          "da": "ডেনিশ",
          "dak": "ডাকোটা",
          "dar": "দার্গওয়া",
          "dav": "তাইতা",
          "de": "জার্মান",
          "de-AT": "অস্ট্রিয়ান জার্মানি",
          "de-CH": "সুইস উচ্চ জার্মানি",
          "del": "ডেলাওয়ের",
          "den": "স্ল্যাভ",
          "dgr": "দোগ্রীব",
          "din": "ডিংকা",
          "dje": "জার্মা",
          "doi": "দোগরি",
          "dsb": "নিম্নতর সোর্বিয়ান",
          "dtp": "dtp",
          "dua": "দুয়ালা",
          "dum": "মধ্য ডাচ",
          "dv": "দিবেহি",
          "dyo": "জলা-ফনী",
          "dyu": "ডিউলা",
          "dz": "জোঙ্গা",
          "dzg": "dzg",
          "ebu": "এম্বু",
          "ee": "এয়ে",
          "efi": "এফিক",
          "egl": "egl",
          "egy": "প্রাচীন মিশরীয়",
          "eka": "ইকাজুক",
          "el": "গ্রিক",
          "elx": "এলামাইট",
          "en": "ইংরেজি",
          "en-AU": "অস্ট্রেলীয় ইংরেজি",
          "en-CA": "কানাডীয় ইংরেজি",
          "en-GB": "ব্রিটিশ ইংরেজি",
          "en-GB-alt-short": "যুক্তরাজ্যের ইংরেজি",
          "en-US": "আমেরিকার ইংরেজি",
          "en-US-alt-short": "যুক্তরাষ্ট্রের ইংরেজি",
          "enm": "মধ্য ইংরেজি",
          "eo": "এস্পেরান্তো",
          "es": "স্প্যানিশ",
          "es-419": "ল্যাটিন আমেরিকান স্প্যানিশ",
          "es-ES": "ইউরোপীয় স্প্যানিশ",
          "es-MX": "ম্যাক্সিকান স্প্যানিশ",
          "esu": "esu",
          "et": "এস্তোনীয়",
          "eu": "বাস্ক",
          "ewo": "ইওন্ডো",
          "ext": "ext",
          "fa": "ফার্সি",
          "fan": "ফ্যাঙ্গ",
          "fat": "ফান্তি",
          "ff": "ফুলাহ্",
          "fi": "ফিনিশ",
          "fil": "ফিলিপিনো",
          "fit": "fit",
          "fj": "ফিজিও",
          "fo": "ফেরাউনি",
          "fon": "ফন",
          "fr": "ফরাসি",
          "fr-CA": "কানাডীয় ফরাসি",
          "fr-CH": "সুইস ফরাসি",
          "frc": "frc",
          "frm": "মধ্য ফরাসি",
          "fro": "প্রাচীন ফরাসি",
          "frp": "frp",
          "frr": "উত্তরাঞ্চলীয় ফ্রিসিয়ান",
          "frs": "পূর্ব ফ্রিসিয়",
          "fur": "ফ্রিউলিয়ান",
          "fy": "পশ্চিম ফ্রিসিয়",
          "ga": "আইরিশ",
          "gaa": "গা",
          "gag": "গাগাউজ",
          "gan": "gan",
          "gay": "গায়ো",
          "gba": "বায়া",
          "gbz": "gbz",
          "gd": "স্কটস-গ্যেলিক",
          "gez": "গীজ",
          "gil": "গিলবার্টিজ",
          "gl": "গ্যালিশিয়",
          "glk": "glk",
          "gmh": "মধ্য-উচ্চ জার্মানি",
          "gn": "গুয়ারানি",
          "goh": "প্রাচীন উচ্চ জার্মানি",
          "gom": "gom",
          "gon": "গোন্ডি",
          "gor": "গোরোন্তালো",
          "got": "গথিক",
          "grb": "গ্রেবো",
          "grc": "প্রাচীন গ্রীক",
          "gsw": "সুইস জার্মান",
          "gu": "গুজরাটি",
          "guc": "guc",
          "gur": "gur",
          "guz": "গুসী",
          "gv": "ম্যাঙ্কস",
          "gwi": "গওইচ্’ইন",
          "ha": "হাউসা",
          "hai": "হাইডা",
          "hak": "hak",
          "haw": "হাওয়াইয়ান",
          "he": "হিব্রু",
          "hi": "হিন্দি",
          "hif": "hif",
          "hil": "হিলিগ্যায়নোন",
          "hit": "হিট্টিট",
          "hmn": "হ্‌মোঙ",
          "ho": "হিরি মোতু",
          "hr": "ক্রোয়েশীয়",
          "hsb": "উচ্চ সোর্বিয়ান",
          "hsn": "hsn",
          "ht": "হাইতিয়ান",
          "hu": "হাঙ্গেরীয়",
          "hup": "হুপা",
          "hy": "আর্মেনিয়",
          "hz": "হেরেরো",
          "ia": "ইন্টারলিঙ্গুয়া",
          "iba": "ইবান",
          "ibb": "ibb",
          "id": "ইন্দোনেশীয়",
          "ie": "ইন্টারলিঙ্গ",
          "ig": "ইগ্‌বো",
          "ii": "সিচুয়ান য়ি",
          "ik": "ইনুপিয়াক",
          "ilo": "ইলোকো",
          "inh": "ইঙ্গুশ",
          "io": "ইডো",
          "is": "আইসল্যান্ডীয়",
          "it": "ইতালীয়",
          "iu": "ইনুক্টিটুট",
          "izh": "izh",
          "ja": "জাপানি",
          "jam": "jam",
          "jbo": "লোজবান",
          "jgo": "গোম্বা",
          "jmc": "মাকামে",
          "jpr": "জুদেও ফার্সি",
          "jrb": "জুদেও আরবি",
          "jut": "jut",
          "jv": "জাভানি",
          "ka": "জর্জিয়ান",
          "kaa": "কারা-কাল্পাক",
          "kab": "কাবাইলে",
          "kac": "কাচিন",
          "kaj": "অজ্জু",
          "kam": "কাম্বা",
          "kaw": "কাউই",
          "kbd": "কাবার্ডিয়ান",
          "kbl": "kbl",
          "kcg": "টাইয়াপ",
          "kde": "মাকোন্দে",
          "kea": "কাবুভারদিয়ানু",
          "ken": "ken",
          "kfo": "কোরো",
          "kg": "কঙ্গো",
          "kgp": "kgp",
          "kha": "খাশি",
          "kho": "খোটানিজ",
          "khq": "কোয়রা চীনি",
          "khw": "khw",
          "ki": "কিকু্ইয়ু",
          "kiu": "kiu",
          "kj": "কোয়ানিয়ামা",
          "kk": "কাজাখ",
          "kkj": "kkj",
          "kl": "ক্যালাল্লিসুট",
          "kln": "কালেনজিন",
          "km": "খমের",
          "kmb": "কিম্বুন্দু",
          "kn": "কান্নাড়ী",
          "ko": "কোরিয়ান",
          "koi": "কমি-পারমিআক",
          "kok": "কোঙ্কানি",
          "kos": "কোস্রাইন",
          "kpe": "ক্‌পেল্লে",
          "kr": "কানুরি",
          "krc": "কারচে-বাল্কার",
          "kri": "kri",
          "krj": "krj",
          "krl": "কারেলিয়ান",
          "kru": "কুরুখ",
          "ks": "কাশ্মীরী",
          "ksb": "শাম্বালা",
          "ksf": "বাফিয়া",
          "ksh": "ksh",
          "ku": "কুর্দি",
          "kum": "কুমিক",
          "kut": "কুটেনাই",
          "kv": "কোমি",
          "kw": "কর্ণিশ",
          "ky": "কির্গিজ",
          "la": "লাটিন",
          "lad": "লাডিনো",
          "lag": "লাঙ্গি",
          "lah": "লান্ডা",
          "lam": "লাম্বা",
          "lb": "লুক্সেমবার্গীয়",
          "lez": "লেজঘিয়ান",
          "lfn": "lfn",
          "lg": "গান্ডা",
          "li": "লিম্বুর্গিশ",
          "lij": "lij",
          "liv": "liv",
          "lkt": "লাকোটা",
          "lmo": "lmo",
          "ln": "লিঙ্গালা",
          "lo": "লাও",
          "lol": "মোঙ্গো",
          "loz": "লোজি",
          "lt": "লিথুয়েনীয়",
          "ltg": "ltg",
          "lu": "লুবা-কাটাঙ্গা",
          "lua": "লুবা-লুলুয়া",
          "lui": "লুইসেনো",
          "lun": "লুন্ডা",
          "luo": "লুয়ো",
          "lus": "লুশাই",
          "luy": "লুইয়া",
          "lv": "লাত্‌ভীয়",
          "lzh": "lzh",
          "lzz": "lzz",
          "mad": "মাদুরেসে",
          "maf": "maf",
          "mag": "মাগাহি",
          "mai": "মৈথিলি",
          "mak": "ম্যাকাসার",
          "man": "ম্যান্ডিঙ্গো",
          "mas": "মাসাই",
          "mde": "mde",
          "mdf": "মোকশা",
          "mdr": "ম্যাণ্ডার",
          "men": "মেন্ডে",
          "mer": "মেরু",
          "mfe": "মরিসিয়ান",
          "mg": "মালাগাসি",
          "mga": "মধ্য আইরিশ",
          "mgh": "মাখুয়া-মেত্তো",
          "mgo": "মেটা",
          "mh": "মার্শালিজ",
          "mi": "মাওরি",
          "mic": "মিকম্যাক",
          "min": "মিনাঙ্গ্‌কাবাউ",
          "mk": "ম্যাসিডোনীয়",
          "ml": "মালায়ালাম",
          "mn": "মঙ্গোলিয়",
          "mnc": "মাঞ্চু",
          "mni": "মণিপুরী",
          "moh": "মোহাওক",
          "mos": "মসি",
          "mr": "মারাঠি",
          "mrj": "mrj",
          "ms": "মালয়",
          "mt": "মল্টিয়",
          "mua": "মুদাঙ্গ",
          "mul": "বহুগুণিতক ভাষাসমূহ",
          "mus": "ক্রিক",
          "mwl": "মিরান্ডিজ",
          "mwr": "মারোয়ারি",
          "mwv": "mwv",
          "my": "বর্মি",
          "mye": "mye",
          "myv": "এরজিয়া",
          "mzn": "mzn",
          "na": "নাউরু",
          "nan": "nan",
          "nap": "নেয়াপোলিটান",
          "naq": "নামা",
          "nb": "নরওয়েজিয়ান বোকমাল",
          "nd": "উত্তর এন্দেবিলি",
          "nds": "নিম্ন জার্মানি",
          "ne": "নেপালী",
          "new": "নেওয়ারি",
          "ng": "এন্দোঙ্গা",
          "nia": "নিয়াস",
          "niu": "নিউয়ান",
          "njo": "njo",
          "nl": "ডাচ",
          "nl-BE": "ফ্লেমিশ",
          "nmg": "কোয়াসিও",
          "nn": "নরওয়েজীয়ান নিনর্স্ক",
          "nnh": "nnh",
          "no": "নরওয়েজীয়",
          "nog": "নোগাই",
          "non": "প্রাচীন নর্স",
          "nov": "nov",
          "nqo": "এন’কো",
          "nr": "দক্ষিণ এনডেবেলে",
          "nso": "উত্তরাঞ্চলীয় সোথো",
          "nus": "নুয়ার",
          "nv": "নাভাজো",
          "nwc": "প্রাচীন নেওয়ারী",
          "ny": "নায়াঞ্জা",
          "nym": "ন্যায়ামওয়েজি",
          "nyn": "ন্যায়াঙ্কোলে",
          "nyo": "ন্যোরো",
          "nzi": "এন্.জিমা",
          "oc": "অক্সিটান",
          "oj": "ওজিবওয়া",
          "om": "অরোমো",
          "or": "ওড়িয়া",
          "os": "ওসেটিক",
          "osa": "ওসেজ",
          "ota": "অটোমান তুর্কি",
          "pa": "পাঞ্জাবী",
          "pag": "পাঙ্গাসিনান",
          "pal": "পাহ্লাভি",
          "pam": "পাম্পাঙ্গা",
          "pap": "পাপিয়ামেন্টো",
          "pau": "পালায়ুয়ান",
          "pcd": "pcd",
          "pdc": "pdc",
          "pdt": "pdt",
          "peo": "প্রাচীন ফার্সি",
          "pfl": "pfl",
          "phn": "ফোনিশীয়ান",
          "pi": "পালি",
          "pl": "পোলিশ",
          "pms": "pms",
          "pnt": "pnt",
          "pon": "পোহ্নপেইয়ান",
          "prg": "prg",
          "pro": "প্রাচীন প্রোভেনসাল",
          "ps": "পাশ্তু",
          "ps-alt-variant": "পুশতো",
          "pt": "পর্তুগীজ",
          "pt-BR": "ব্রাজিলের পর্তুগীজ",
          "pt-PT": "ইউরোপের পর্তুগীজ",
          "qu": "কেচুয়া",
          "quc": "কি‘চে",
          "qug": "qug",
          "raj": "রাজস্থানী",
          "rap": "রাপানুই",
          "rar": "রারোটোংগান",
          "rgn": "rgn",
          "rif": "rif",
          "rm": "রোমান্স",
          "rn": "রুন্দি",
          "ro": "রোমানীয়",
          "ro-MD": "মলদাভিয়",
          "rof": "রম্বো",
          "rom": "রোমানি",
          "root": "মূল",
          "rtm": "rtm",
          "ru": "রুশ",
          "rue": "rue",
          "rug": "rug",
          "rup": "আরোমানিয়",
          "rw": "কিনয়ারোয়ান্ডা",
          "rwk": "রাওয়া",
          "sa": "সংষ্কৃত",
          "sad": "স্যান্ডাওয়ে",
          "sah": "ইয়াকুট",
          "sam": "সামারিটান আরামিক",
          "saq": "সামবুরু",
          "sas": "সাসাক",
          "sat": "সাঁওতালি",
          "saz": "saz",
          "sba": "sba",
          "sbp": "সাঙ্গু",
          "sc": "সার্ডিনিয়ান",
          "scn": "সিসিলিয়ান",
          "sco": "স্কটস",
          "sd": "সিন্ধি",
          "sdc": "sdc",
          "se": "উত্তরাঞ্চলীয় সামি",
          "see": "see",
          "seh": "সেনা",
          "sei": "sei",
          "sel": "সেল্কুপ",
          "ses": "কোয়রাবেনো সেন্নী",
          "sg": "সাঙ্গো",
          "sga": "প্রাচীন আইরিশ",
          "sgs": "sgs",
          "sh": "সার্বো-ক্রোয়েশিয়",
          "shi": "তাচেলহিত",
          "shn": "শান",
          "shu": "shu",
          "si": "সিংহলী",
          "sid": "সিডামো",
          "sk": "স্লোভাক",
          "sl": "স্লোভেনীয়",
          "sli": "sli",
          "sly": "sly",
          "sm": "সামোয়ান",
          "sma": "দক্ষিণাঞ্চলীয় সামি",
          "smj": "লুলে সামি",
          "smn": "ইনারি সামি",
          "sms": "স্কোল্ট সামি",
          "sn": "শোনা",
          "snk": "সোনিঙ্কে",
          "so": "সোমালী",
          "sog": "সোগডিয়ান",
          "sq": "আলবেনীয়",
          "sr": "সার্বীয়",
          "srn": "স্রানান টোঙ্গো",
          "srr": "সেরের",
          "ss": "সোয়াতি",
          "ssy": "ssy",
          "st": "দক্ষিন সোথো",
          "stq": "stq",
          "su": "সুদানী",
          "suk": "সুকুমা",
          "sus": "সুসু",
          "sux": "সুমেরীয়",
          "sv": "সুইডিশ",
          "sw": "সোয়াহিলি",
          "swb": "কমোরিয়ান",
          "swc": "কঙ্গো সোয়াহিলি",
          "syc": "প্রাচীন সিরিও",
          "syr": "সিরিয়াক",
          "szl": "szl",
          "ta": "তামিল",
          "tcy": "tcy",
          "te": "তেলেগু",
          "tem": "টাইম্নে",
          "teo": "তেসো",
          "ter": "তেরেনো",
          "tet": "তেতুম",
          "tg": "তাজিক",
          "th": "থাই",
          "ti": "তিগরিনিয়া",
          "tig": "টাইগ্রে",
          "tiv": "টিভ",
          "tk": "তুর্কমেনী",
          "tkl": "টোকেলাউ",
          "tkr": "tkr",
          "tl": "তাগালগ",
          "tlh": "ক্লিঙ্গন",
          "tli": "ত্লিঙ্গিট",
          "tly": "tly",
          "tmh": "তামাশেক",
          "tn": "সোয়ানা",
          "to": "টোঙ্গান",
          "tog": "নায়াসা টোঙ্গা",
          "tpi": "টোক পিসিন",
          "tr": "তুর্কী",
          "tru": "tru",
          "trv": "trv",
          "ts": "সঙ্গা",
          "tsd": "tsd",
          "tsi": "সিমশিয়ান",
          "tt": "তাতার",
          "ttt": "ttt",
          "tum": "তুম্বুকা",
          "tvl": "টুভালু",
          "tw": "টোয়াই",
          "twq": "তাসাওয়াক",
          "ty": "তাহিতিয়ান",
          "tyv": "টুভিনিয়ান",
          "tzm": "সেন্ট্রাল আটলাস তামাজিগাত",
          "udm": "উডমুর্ট",
          "ug": "উইঘুর",
          "uga": "উগারিটিক",
          "uk": "ইউক্রেনীয়",
          "umb": "উম্বুন্দু",
          "und": "অজানা ভাষা",
          "ur": "উর্দু",
          "uz": "উজবেকীয়",
          "vai": "ভাই",
          "ve": "ভেন্ডা",
          "vec": "vec",
          "vep": "vep",
          "vi": "ভিয়েতনামী",
          "vls": "vls",
          "vmf": "vmf",
          "vo": "ভোলাপুক",
          "vot": "ভোটিক",
          "vro": "vro",
          "vun": "ভুঞ্জো",
          "wa": "ওয়ালুন",
          "wae": "wae",
          "wal": "ওয়ালামো",
          "war": "ওয়ারে",
          "was": "ওয়াশো",
          "wo": "উওলোফ",
          "wuu": "wuu",
          "xal": "কাল্মইক",
          "xh": "জোসা",
          "xmf": "xmf",
          "xog": "সোগা",
          "yao": "ইয়াও",
          "yap": "ইয়াপেসে",
          "yav": "yav",
          "ybb": "ybb",
          "yi": "য়িদ্দিশ",
          "yo": "ইওরুবা",
          "yrl": "yrl",
          "yue": "ক্যানটোনীজ",
          "za": "ঝু্য়াঙ",
          "zap": "জাপোটেক",
          "zbl": "চিত্র ভাষা",
          "zea": "zea",
          "zen": "জেনাগা",
          "zgh": "আদর্শ মরক্কোন তামাজিগাত",
          "zh": "চীনা",
          "zh-Hans": "সরলীকৃত চীনা",
          "zh-Hant": "ঐতিহ্যবাহি চীনা",
          "zu": "জুলু",
          "zun": "জুনি",
          "zxx": "ভাষাভিত্তিক বিষয়বস্তু নেই",
          "zza": "জাজা"
        }
      }
    }
  }
}
