{
  "main": {
    "bn-BD": {
      "identity": {
        "version": {
          "_cldrVersion": "26",
          "_number": "$Revision: 10669 $"
        },
        "generation": {
          "_date": "$Date: 2014-07-23 16:10:33 -0500 (Wed, 23 Jul 2014) $"
        },
        "language": "bn",
        "territory": "BD"
      },
      "numbers": {
        "defaultNumberingSystem": "beng",
        "otherNumberingSystems": {
          "native": "beng"
        },
        "minimumGroupingDigits": "1",
        "symbols-numberSystem-beng": {
          "decimal": ".",
          "group": ",",
          "list": ";",
          "percentSign": "%",
          "plusSign": "+",
          "minusSign": "-",
          "exponential": "E",
          "superscriptingExponent": "×",
          "perMille": "‰",
          "infinity": "∞",
          "nan": "সংখ্যা না",
          "timeSeparator": ":"
        },
        "symbols-numberSystem-latn": {
          "decimal": ".",
          "group": ",",
          "list": ";",
          "percentSign": "%",
          "plusSign": "+",
          "minusSign": "-",
          "exponential": "E",
          "superscriptingExponent": "×",
          "perMille": "‰",
          "infinity": "∞",
          "nan": "NaN",
          "timeSeparator": ":"
        },
        "decimalFormats-numberSystem-beng": {
          "standard": "#,##,##0.###",
          "long": {
            "decimalFormat": {
              "1000-count-one": "0 হাজার",
              "1000-count-other": "0 হাজার",
              "10000-count-one": "00 হাজার",
              "10000-count-other": "00 হাজার",
              "100000-count-one": "0 লাখ",
              "100000-count-other": "0 লাখ",
              "1000000-count-one": "0 মিলিয়ন",
              "1000000-count-other": "0 মিলিয়ন",
              "10000000-count-one": "00 মিলিয়ন",
              "10000000-count-other": "00 মিলিয়ন",
              "100000000-count-one": "000 মিলিয়ন",
              "100000000-count-other": "000 মিলিয়ন",
              "1000000000-count-one": "0 বিলিয়ন",
              "1000000000-count-other": "0 বিলিয়ন",
              "10000000000-count-one": "00 বিলিয়ন",
              "10000000000-count-other": "00 বিলিয়ন",
              "100000000000-count-one": "000 বিলিয়ন",
              "100000000000-count-other": "000 বিলিয়ন",
              "1000000000000-count-one": "0 ট্রিলিয়ন",
              "1000000000000-count-other": "0 ট্রিলিয়ন",
              "10000000000000-count-one": "00 ট্রিলিয়ন",
              "10000000000000-count-other": "00 ট্রিলিয়ন",
              "100000000000000-count-one": "000 ট্রিলিয়ন",
              "100000000000000-count-other": "000 ট্রিলিয়ন"
            }
          },
          "short": {
            "decimalFormat": {
              "1000-count-one": "0 হাজার",
              "1000-count-other": "0 হাজার",
              "10000-count-one": "00 হাজার",
              "10000-count-other": "00 হাজার",
              "100000-count-one": "0 লাখ",
              "100000-count-other": "0 লাখ",
              "1000000-count-one": "0M",
              "1000000-count-other": "0M",
              "10000000-count-one": "00M",
              "10000000-count-other": "00M",
              "100000000-count-one": "000M",
              "100000000-count-other": "000M",
              "1000000000-count-one": "0B",
              "1000000000-count-other": "0B",
              "10000000000-count-one": "00B",
              "10000000000-count-other": "00B",
              "100000000000-count-one": "000B",
              "100000000000-count-other": "000B",
              "1000000000000-count-one": "0T",
              "1000000000000-count-other": "0T",
              "10000000000000-count-one": "00T",
              "10000000000000-count-other": "00T",
              "100000000000000-count-one": "000T",
              "100000000000000-count-other": "000T"
            }
          }
        },
        "decimalFormats-numberSystem-latn": {
          "standard": "#,##,##0.###",
          "long": {
            "decimalFormat": {
              "1000-count-one": "0 হাজার",
              "1000-count-other": "0 হাজার",
              "10000-count-one": "00 হাজার",
              "10000-count-other": "00 হাজার",
              "100000-count-one": "0 লাখ",
              "100000-count-other": "0 লাখ",
              "1000000-count-one": "0 মিলিয়ন",
              "1000000-count-other": "0 মিলিয়ন",
              "10000000-count-one": "00 মিলিয়ন",
              "10000000-count-other": "00 মিলিয়ন",
              "100000000-count-one": "000 মিলিয়ন",
              "100000000-count-other": "000 মিলিয়ন",
              "1000000000-count-one": "0 বিলিয়ন",
              "1000000000-count-other": "0 বিলিয়ন",
              "10000000000-count-one": "00 বিলিয়ন",
              "10000000000-count-other": "00 বিলিয়ন",
              "100000000000-count-one": "000 বিলিয়ন",
              "100000000000-count-other": "000 বিলিয়ন",
              "1000000000000-count-one": "0 ট্রিলিয়ন",
              "1000000000000-count-other": "0 ট্রিলিয়ন",
              "10000000000000-count-one": "00 ট্রিলিয়ন",
              "10000000000000-count-other": "00 ট্রিলিয়ন",
              "100000000000000-count-one": "000 ট্রিলিয়ন",
              "100000000000000-count-other": "000 ট্রিলিয়ন"
            }
          },
          "short": {
            "decimalFormat": {
              "1000-count-one": "0 হাজার",
              "1000-count-other": "0 হাজার",
              "10000-count-one": "00 হাজার",
              "10000-count-other": "00 হাজার",
              "100000-count-one": "0 লাখ",
              "100000-count-other": "0 লাখ",
              "1000000-count-one": "0M",
              "1000000-count-other": "0M",
              "10000000-count-one": "00M",
              "10000000-count-other": "00M",
              "100000000-count-one": "000M",
              "100000000-count-other": "000M",
              "1000000000-count-one": "0B",
              "1000000000-count-other": "0B",
              "10000000000-count-one": "00B",
              "10000000000-count-other": "00B",
              "100000000000-count-one": "000B",
              "100000000000-count-other": "000B",
              "1000000000000-count-one": "0T",
              "1000000000000-count-other": "0T",
              "10000000000000-count-one": "00T",
              "10000000000000-count-other": "00T",
              "100000000000000-count-one": "000T",
              "100000000000000-count-other": "000T"
            }
          }
        },
        "scientificFormats-numberSystem-beng": {
          "standard": "#E0"
        },
        "scientificFormats-numberSystem-latn": {
          "standard": "#E0"
        },
        "percentFormats-numberSystem-beng": {
          "standard": "#,##,##0%"
        },
        "percentFormats-numberSystem-latn": {
          "standard": "#,##,##0%"
        },
        "currencyFormats-numberSystem-beng": {
          "currencySpacing": {
            "beforeCurrency": {
              "currencyMatch": "[:^S:]",
              "surroundingMatch": "[:digit:]",
              "insertBetween": " "
            },
            "afterCurrency": {
              "currencyMatch": "[:^S:]",
              "surroundingMatch": "[:digit:]",
              "insertBetween": " "
            }
          },
          "accounting": "#,##,##0.00¤;(#,##,##0.00¤)",
          "standard": "#,##,##0.00¤",
          "unitPattern-count-one": "{0} {1}",
          "unitPattern-count-other": "{0} {1}"
        },
        "currencyFormats-numberSystem-latn": {
          "currencySpacing": {
            "beforeCurrency": {
              "currencyMatch": "[:^S:]",
              "surroundingMatch": "[:digit:]",
              "insertBetween": " "
            },
            "afterCurrency": {
              "currencyMatch": "[:^S:]",
              "surroundingMatch": "[:digit:]",
              "insertBetween": " "
            }
          },
          "accounting": "#,##,##0.00¤;(#,##,##0.00¤)",
          "standard": "#,##,##0.00¤",
          "unitPattern-count-one": "{0} {1}",
          "unitPattern-count-other": "{0} {1}"
        },
        "miscPatterns-numberSystem-beng": {
          "atLeast": "{0}+",
          "range": "{0}–{1}"
        },
        "miscPatterns-numberSystem-latn": {
          "atLeast": "{0}+",
          "range": "{0}–{1}"
        }
      }
    }
  }
}
