{
  "main": {
    "bn-BD": {
      "identity": {
        "version": {
          "_cldrVersion": "26",
          "_number": "$Revision: 10669 $"
        },
        "generation": {
          "_date": "$Date: 2014-07-23 16:10:33 -0500 (Wed, 23 Jul 2014) $"
        },
        "language": "bn",
        "territory": "BD"
      },
      "localeDisplayNames": {
        "transformNames": {
          "BGN": "BGN",
          "Numeric": "সাংখিক",
          "Tone": "স্বরভঙ্গি",
          "UNGEGN": "UNGEGN",
          "x-Accents": "অ্যাসেন্টস",
          "x-Fullwidth": "পূর্ণচওড়া",
          "x-Halfwidth": "অর্ধচওড়া",
          "x-Jamo": "জ্যামো",
          "x-Pinyin": "পিনইন",
          "x-Publishing": "প্রকাশনা"
        }
      }
    }
  }
}
