{
  "main": {
    "bn-BD": {
      "identity": {
        "version": {
          "_cldrVersion": "26",
          "_number": "$Revision: 10669 $"
        },
        "generation": {
          "_date": "$Date: 2014-07-23 16:10:33 -0500 (Wed, 23 Jul 2014) $"
        },
        "language": "bn",
        "territory": "BD"
      },
      "units": {
        "long": {
          "per": {
            "compoundUnitPattern": "{1} প্রতি {0}"
          },
          "acceleration-g-force": {
            "displayName": "জি-বল",
            "unitPattern-count-one": "{0} জি-বল",
            "unitPattern-count-other": "{0} জি-বল"
          },
          "acceleration-meter-per-second-squared": {
            "displayName": "m/s²",
            "unitPattern-count-one": "{0} m/s²",
            "unitPattern-count-other": "{0} m/s²"
          },
          "angle-arc-minute": {
            "displayName": "মিনিট",
            "unitPattern-count-one": "{0} মিনিট",
            "unitPattern-count-other": "{0} মিনিট"
          },
          "angle-arc-second": {
            "displayName": "সেকেন্ড",
            "unitPattern-count-one": "{0} সেকেন্ড",
            "unitPattern-count-other": "{0} সেকেন্ড"
          },
          "angle-degree": {
            "displayName": "ডিগ্রী",
            "unitPattern-count-one": "{0} ডিগ্রী",
            "unitPattern-count-other": "{0} ডিগ্রী"
          },
          "angle-radian": {
            "displayName": "rad",
            "unitPattern-count-one": "{0} rad",
            "unitPattern-count-other": "{0} rad"
          },
          "area-acre": {
            "displayName": "একর",
            "unitPattern-count-one": "{0} একর",
            "unitPattern-count-other": "{0} একর"
          },
          "area-hectare": {
            "displayName": "হেক্টর",
            "unitPattern-count-one": "{0} হেক্টর",
            "unitPattern-count-other": "{0} হেক্টর"
          },
          "area-square-centimeter": {
            "displayName": "cm²",
            "unitPattern-count-one": "{0} cm²",
            "unitPattern-count-other": "{0} cm²"
          },
          "area-square-foot": {
            "displayName": "বর্গ ফুট",
            "unitPattern-count-one": "{0} বর্গ ফুট",
            "unitPattern-count-other": "{0} বর্গ ফুট"
          },
          "area-square-inch": {
            "displayName": "in²",
            "unitPattern-count-one": "{0} in²",
            "unitPattern-count-other": "{0} in²"
          },
          "area-square-kilometer": {
            "displayName": "বর্গ কিলোমিটার",
            "unitPattern-count-one": "{0} বর্গ কিলোমিটার",
            "unitPattern-count-other": "{0} বর্গ কিলোমিটার"
          },
          "area-square-meter": {
            "displayName": "বর্গ মিটার",
            "unitPattern-count-one": "{0} বর্গ মিটার",
            "unitPattern-count-other": "{0} বর্গ মিটার"
          },
          "area-square-mile": {
            "displayName": "বর্গ মাইল",
            "unitPattern-count-one": "{0} বর্গ মাইল",
            "unitPattern-count-other": "{0} বর্গ মাইল"
          },
          "area-square-yard": {
            "displayName": "yd²",
            "unitPattern-count-one": "{0} yd²",
            "unitPattern-count-other": "{0} yd²"
          },
          "consumption-liter-per-kilometer": {
            "displayName": "L/km",
            "unitPattern-count-one": "{0} L/km",
            "unitPattern-count-other": "{0} L/km"
          },
          "consumption-mile-per-gallon": {
            "displayName": "mpg",
            "unitPattern-count-one": "{0} mpg",
            "unitPattern-count-other": "{0} mpg"
          },
          "digital-bit": {
            "displayName": "bit",
            "unitPattern-count-one": "{0} bit",
            "unitPattern-count-other": "{0} bit"
          },
          "digital-byte": {
            "displayName": "byte",
            "unitPattern-count-one": "{0} byte",
            "unitPattern-count-other": "{0} বাইট"
          },
          "digital-gigabit": {
            "displayName": "Gb",
            "unitPattern-count-one": "{0} Gb",
            "unitPattern-count-other": "{0} Gb"
          },
          "digital-gigabyte": {
            "displayName": "GB",
            "unitPattern-count-one": "{0} GB",
            "unitPattern-count-other": "{0} GB"
          },
          "digital-kilobit": {
            "displayName": "kb",
            "unitPattern-count-one": "{0} kb",
            "unitPattern-count-other": "{0} kb"
          },
          "digital-kilobyte": {
            "displayName": "kB",
            "unitPattern-count-one": "{0} kB",
            "unitPattern-count-other": "{0} kB"
          },
          "digital-megabit": {
            "displayName": "Mb",
            "unitPattern-count-one": "{0} Mb",
            "unitPattern-count-other": "{0} Mb"
          },
          "digital-megabyte": {
            "displayName": "MB",
            "unitPattern-count-one": "{0} MB",
            "unitPattern-count-other": "{0} MB"
          },
          "digital-terabit": {
            "displayName": "Tb",
            "unitPattern-count-one": "{0} Tb",
            "unitPattern-count-other": "{0} Tb"
          },
          "digital-terabyte": {
            "displayName": "TB",
            "unitPattern-count-one": "{0} TB",
            "unitPattern-count-other": "{0} TB"
          },
          "duration-day": {
            "displayName": "দিন",
            "unitPattern-count-one": "{0} দিন",
            "unitPattern-count-other": "{0} দিন"
          },
          "duration-hour": {
            "displayName": "ঘন্টা",
            "unitPattern-count-one": "{0} ঘন্টা",
            "unitPattern-count-other": "{0} ঘন্টা",
            "perUnitPattern": "{0} প্রতি ঘন্টা"
          },
          "duration-microsecond": {
            "displayName": "মাইক্রোসেকেন্ড",
            "unitPattern-count-one": "{0} মাইক্রোসেকেন্ড",
            "unitPattern-count-other": "{0} মাইক্রোসেকেন্ড"
          },
          "duration-millisecond": {
            "displayName": "মিলিসেকেন্ড",
            "unitPattern-count-one": "{0} মিলিসেকেন্ড",
            "unitPattern-count-other": "{0} মিলিসেকেন্ড"
          },
          "duration-minute": {
            "displayName": "মিনিট",
            "unitPattern-count-one": "{0} মিনিট",
            "unitPattern-count-other": "{0} মিনিট"
          },
          "duration-month": {
            "displayName": "মাস",
            "unitPattern-count-one": "{0} মাস",
            "unitPattern-count-other": "{0} মাস"
          },
          "duration-nanosecond": {
            "displayName": "ন্যানোসেকেন্ড",
            "unitPattern-count-one": "{0} ন্যানোসেকেন্ড",
            "unitPattern-count-other": "{0} ন্যানোসেকেন্ড"
          },
          "duration-second": {
            "displayName": "সেকেন্ড",
            "unitPattern-count-one": "{0} সেকেন্ড",
            "unitPattern-count-other": "{0} সেকেন্ড",
            "perUnitPattern": "{0} প্রতি সেকেন্ড"
          },
          "duration-week": {
            "displayName": "সপ্তাহ",
            "unitPattern-count-one": "{0} সপ্তাহ",
            "unitPattern-count-other": "{0} সপ্তাহ"
          },
          "duration-year": {
            "displayName": "বছর",
            "unitPattern-count-one": "{0} বছর",
            "unitPattern-count-other": "{0} বছর"
          },
          "electric-ampere": {
            "displayName": "amp",
            "unitPattern-count-one": "{0} A",
            "unitPattern-count-other": "{0} A"
          },
          "electric-milliampere": {
            "displayName": "mA",
            "unitPattern-count-one": "{0} mA",
            "unitPattern-count-other": "{0} mA"
          },
          "electric-ohm": {
            "displayName": "ohm",
            "unitPattern-count-one": "{0} Ω",
            "unitPattern-count-other": "{0} Ω"
          },
          "electric-volt": {
            "displayName": "volt",
            "unitPattern-count-one": "{0} V",
            "unitPattern-count-other": "{0} V"
          },
          "energy-calorie": {
            "displayName": "cal",
            "unitPattern-count-one": "{0} cal",
            "unitPattern-count-other": "{0} cal"
          },
          "energy-foodcalorie": {
            "displayName": "Cal",
            "unitPattern-count-one": "{0} Cal",
            "unitPattern-count-other": "{0} Cal"
          },
          "energy-joule": {
            "displayName": "joule",
            "unitPattern-count-one": "{0} J",
            "unitPattern-count-other": "{0} J"
          },
          "energy-kilocalorie": {
            "displayName": "kcal",
            "unitPattern-count-one": "{0} kcal",
            "unitPattern-count-other": "{0} kcal"
          },
          "energy-kilojoule": {
            "displayName": "kJ",
            "unitPattern-count-one": "{0} kJ",
            "unitPattern-count-other": "{0} kJ"
          },
          "energy-kilowatt-hour": {
            "displayName": "kWh",
            "unitPattern-count-one": "{0} kWh",
            "unitPattern-count-other": "{0} kWh"
          },
          "frequency-gigahertz": {
            "displayName": "GHz",
            "unitPattern-count-one": "{0} GHz",
            "unitPattern-count-other": "{0} GHz"
          },
          "frequency-hertz": {
            "displayName": "Hz",
            "unitPattern-count-one": "{0} Hz",
            "unitPattern-count-other": "{0} Hz"
          },
          "frequency-kilohertz": {
            "displayName": "kHz",
            "unitPattern-count-one": "{0} kHz",
            "unitPattern-count-other": "{0} kHz"
          },
          "frequency-megahertz": {
            "displayName": "MHz",
            "unitPattern-count-one": "{0} MHz",
            "unitPattern-count-other": "{0} MHz"
          },
          "length-astronomical-unit": {
            "displayName": "au",
            "unitPattern-count-one": "{0} au",
            "unitPattern-count-other": "{0} au"
          },
          "length-centimeter": {
            "displayName": "সেন্টিমিটার",
            "unitPattern-count-one": "{0} সেন্টিমিটার",
            "unitPattern-count-other": "{0} সেন্টিমিটার"
          },
          "length-decimeter": {
            "displayName": "dm",
            "unitPattern-count-one": "{0} dm",
            "unitPattern-count-other": "{0} dm"
          },
          "length-fathom": {
            "displayName": "fm",
            "unitPattern-count-other": "{0} fm"
          },
          "length-foot": {
            "displayName": "ফুট",
            "unitPattern-count-one": "{0} ফুট",
            "unitPattern-count-other": "{0} ফুট"
          },
          "length-furlong": {
            "displayName": "fur",
            "unitPattern-count-other": "{0} fur"
          },
          "length-inch": {
            "displayName": "ইঞ্চি",
            "unitPattern-count-one": "{0} ইঞ্চি",
            "unitPattern-count-other": "{0} ইঞ্চি"
          },
          "length-kilometer": {
            "displayName": "কিলোমিটার",
            "unitPattern-count-one": "{0} কিলোমিটার",
            "unitPattern-count-other": "{0} কিলোমিটার"
          },
          "length-light-year": {
            "displayName": "আলোকবর্ষ",
            "unitPattern-count-one": "{0} আলোকবর্ষ",
            "unitPattern-count-other": "{0} আলোকবর্ষ"
          },
          "length-meter": {
            "displayName": "মিটার",
            "unitPattern-count-one": "{0} মিটার",
            "unitPattern-count-other": "{0} মিটার"
          },
          "length-micrometer": {
            "displayName": "µm",
            "unitPattern-count-one": "{0} µm",
            "unitPattern-count-other": "{0} µm"
          },
          "length-mile": {
            "displayName": "মাইল",
            "unitPattern-count-one": "{0} মাইল",
            "unitPattern-count-other": "{0} মাইল"
          },
          "length-millimeter": {
            "displayName": "মিলিমিটার",
            "unitPattern-count-one": "{0} মিলিমিটার",
            "unitPattern-count-other": "{0} মিলিমিটার"
          },
          "length-nanometer": {
            "displayName": "nm",
            "unitPattern-count-one": "{0} nm",
            "unitPattern-count-other": "{0} nm"
          },
          "length-nautical-mile": {
            "displayName": "nmi",
            "unitPattern-count-one": "{0} nmi",
            "unitPattern-count-other": "{0} nmi"
          },
          "length-parsec": {
            "displayName": "pc",
            "unitPattern-count-one": "{0} pc",
            "unitPattern-count-other": "{0} pc"
          },
          "length-picometer": {
            "displayName": "পিকোমিটার",
            "unitPattern-count-one": "{0} পিকোমিটার",
            "unitPattern-count-other": "{0} পিকোমিটার"
          },
          "length-yard": {
            "displayName": "গজ",
            "unitPattern-count-one": "{0} গজ",
            "unitPattern-count-other": "{0} গজ"
          },
          "light-lux": {
            "displayName": "lx",
            "unitPattern-count-one": "{0} lx",
            "unitPattern-count-other": "{0} lx"
          },
          "mass-carat": {
            "displayName": "CD",
            "unitPattern-count-one": "{0} CD",
            "unitPattern-count-other": "{0} CD"
          },
          "mass-gram": {
            "displayName": "গ্রাম",
            "unitPattern-count-one": "{0} গ্রাম",
            "unitPattern-count-other": "{0} গ্রাম"
          },
          "mass-kilogram": {
            "displayName": "কিলোগ্রাম",
            "unitPattern-count-one": "{0} কিলোগ্রাম",
            "unitPattern-count-other": "{0} কিলোগ্রাম"
          },
          "mass-metric-ton": {
            "displayName": "t",
            "unitPattern-count-one": "{0} মেট্রিক টন",
            "unitPattern-count-other": "{0} মেট্রিক টন"
          },
          "mass-microgram": {
            "displayName": "µg",
            "unitPattern-count-one": "{0} µg",
            "unitPattern-count-other": "{0} µg"
          },
          "mass-milligram": {
            "displayName": "মিলিগ্রাম",
            "unitPattern-count-one": "{0} মিলিগ্রাম",
            "unitPattern-count-other": "{0} মিলিগ্রাম"
          },
          "mass-ounce": {
            "displayName": "আউন্স",
            "unitPattern-count-one": "{0} আউন্স",
            "unitPattern-count-other": "{0} আউন্স"
          },
          "mass-ounce-troy": {
            "displayName": "oz t",
            "unitPattern-count-one": "{0} oz t",
            "unitPattern-count-other": "{0} oz t"
          },
          "mass-pound": {
            "displayName": "পাউন্ড",
            "unitPattern-count-one": "{0} পাউন্ড",
            "unitPattern-count-other": "{0} পাউন্ড"
          },
          "mass-stone": {
            "displayName": "st",
            "unitPattern-count-other": "{0} st"
          },
          "mass-ton": {
            "displayName": "টন",
            "unitPattern-count-one": "{0} টন",
            "unitPattern-count-other": "{0} টন"
          },
          "power-gigawatt": {
            "displayName": "GW",
            "unitPattern-count-one": "{0} GW",
            "unitPattern-count-other": "{0} GW"
          },
          "power-horsepower": {
            "displayName": "হর্সপাওয়ার",
            "unitPattern-count-one": "{0} হর্সপাওয়ার",
            "unitPattern-count-other": "{0} হর্সপাওয়ার"
          },
          "power-kilowatt": {
            "displayName": "কিলোওয়াট",
            "unitPattern-count-one": "{0} কিলোওয়াট",
            "unitPattern-count-other": "{0} কিলোওয়াট"
          },
          "power-megawatt": {
            "displayName": "MW",
            "unitPattern-count-one": "{0} MW",
            "unitPattern-count-other": "{0} MW"
          },
          "power-milliwatt": {
            "displayName": "mW",
            "unitPattern-count-one": "{0} mW",
            "unitPattern-count-other": "{0} mW"
          },
          "power-watt": {
            "displayName": "ওয়াট",
            "unitPattern-count-one": "{0} ওয়াট",
            "unitPattern-count-other": "{0} ওয়াট"
          },
          "pressure-hectopascal": {
            "displayName": "হেক্টোপাসকল",
            "unitPattern-count-one": "{0} হেক্টোপাসকল",
            "unitPattern-count-other": "{0} হেক্টোপাসকল"
          },
          "pressure-inch-hg": {
            "displayName": "ইঞ্চি পারদ",
            "unitPattern-count-one": "{0} ইঞ্চি পারদ",
            "unitPattern-count-other": "{0} ইঞ্চি পারদ"
          },
          "pressure-millibar": {
            "displayName": "মিলিবার",
            "unitPattern-count-one": "{0} মিলিবার",
            "unitPattern-count-other": "{0} মিলিবার"
          },
          "pressure-millimeter-of-mercury": {
            "displayName": "মিলিমিটার পারদ",
            "unitPattern-count-one": "{0} মিলিমিটার পারদ",
            "unitPattern-count-other": "{0} মিলিমিটার পারদ"
          },
          "pressure-pound-per-square-inch": {
            "displayName": "বর্গইঞ্চি প্রতি পাউন্ড",
            "unitPattern-count-one": "{0} বর্গইঞ্চি প্রতি পাউন্ড",
            "unitPattern-count-other": "{0} বর্গইঞ্চি প্রতি পাউন্ড"
          },
          "proportion-karat": {
            "displayName": "kt",
            "unitPattern-count-one": "{0} kt",
            "unitPattern-count-other": "{0} kt"
          },
          "speed-kilometer-per-hour": {
            "displayName": "ঘন্টা প্রতি কিলোমিটার",
            "unitPattern-count-one": "{0} ঘন্টা প্রতি কিলোমিটার",
            "unitPattern-count-other": "{0} ঘন্টা প্রতি কিলোমিটার"
          },
          "speed-meter-per-second": {
            "displayName": "মিটার প্রতি সেকেন্ড",
            "unitPattern-count-one": "{0} মিটার প্রতি সেকেন্ড",
            "unitPattern-count-other": "{0} মিটার প্রতি সেকেন্ড"
          },
          "speed-mile-per-hour": {
            "displayName": "ঘন্টা প্রতি মাইল",
            "unitPattern-count-one": "{0} ঘন্টা প্রতি মাইল",
            "unitPattern-count-other": "{0} ঘন্টা প্রতি মাইল"
          },
          "temperature-celsius": {
            "displayName": "ডিগ্রী সেলসিয়াস",
            "unitPattern-count-one": "{0} ডিগ্রী সেলসিয়াস",
            "unitPattern-count-other": "{0} ডিগ্রী সেলসিয়াস"
          },
          "temperature-fahrenheit": {
            "displayName": "ডিগ্রী ফারেনহাইট",
            "unitPattern-count-one": "{0} ডিগ্রী ফারেনহাইট",
            "unitPattern-count-other": "{0} ডিগ্রী ফারেনহাইট"
          },
          "temperature-kelvin": {
            "displayName": "কেলভিন",
            "unitPattern-count-one": "{0} কেলভিন",
            "unitPattern-count-other": "{0} কেলভিন"
          },
          "volume-acre-foot": {
            "displayName": "ac ft",
            "unitPattern-count-one": "{0} ac ft",
            "unitPattern-count-other": "{0} ac ft"
          },
          "volume-bushel": {
            "displayName": "bu",
            "unitPattern-count-other": "{0} bu"
          },
          "volume-centiliter": {
            "displayName": "cL",
            "unitPattern-count-one": "{0} cL",
            "unitPattern-count-other": "{0} cL"
          },
          "volume-cubic-centimeter": {
            "displayName": "cm³",
            "unitPattern-count-one": "{0} cm³",
            "unitPattern-count-other": "{0} cm³"
          },
          "volume-cubic-foot": {
            "displayName": "ft³",
            "unitPattern-count-one": "{0} ft³",
            "unitPattern-count-other": "{0} ft³"
          },
          "volume-cubic-inch": {
            "displayName": "in³",
            "unitPattern-count-one": "{0} in³",
            "unitPattern-count-other": "{0} in³"
          },
          "volume-cubic-kilometer": {
            "displayName": "কিউবিক কিলোমিটার",
            "unitPattern-count-one": "{0} কিউবিক কিলোমিটার",
            "unitPattern-count-other": "{0} কিউবিক কিলোমিটার"
          },
          "volume-cubic-meter": {
            "displayName": "m³",
            "unitPattern-count-one": "{0} m³",
            "unitPattern-count-other": "{0} m³"
          },
          "volume-cubic-mile": {
            "displayName": "কিউবিক মাইল",
            "unitPattern-count-one": "{0} কিউবিক মাইল",
            "unitPattern-count-other": "{0} কিউবিক মাইল"
          },
          "volume-cubic-yard": {
            "displayName": "yd³",
            "unitPattern-count-one": "{0} yd³",
            "unitPattern-count-other": "{0} yd³"
          },
          "volume-cup": {
            "displayName": "cup",
            "unitPattern-count-one": "{0} c",
            "unitPattern-count-other": "{0} c"
          },
          "volume-deciliter": {
            "displayName": "dL",
            "unitPattern-count-one": "{0} dL",
            "unitPattern-count-other": "{0} dL"
          },
          "volume-fluid-ounce": {
            "displayName": "fl oz",
            "unitPattern-count-one": "{0} fl oz",
            "unitPattern-count-other": "{0} fl oz"
          },
          "volume-gallon": {
            "displayName": "gal",
            "unitPattern-count-one": "{0} gal",
            "unitPattern-count-other": "{0} gal"
          },
          "volume-hectoliter": {
            "displayName": "hL",
            "unitPattern-count-one": "{0} hL",
            "unitPattern-count-other": "{0} hL"
          },
          "volume-liter": {
            "displayName": "লিটার",
            "unitPattern-count-one": "{0} লিটার",
            "unitPattern-count-other": "{0} লিটার"
          },
          "volume-megaliter": {
            "displayName": "ML",
            "unitPattern-count-one": "{0} ML",
            "unitPattern-count-other": "{0} ML"
          },
          "volume-milliliter": {
            "displayName": "mL",
            "unitPattern-count-one": "{0} mL",
            "unitPattern-count-other": "{0} mL"
          },
          "volume-pint": {
            "displayName": "pt",
            "unitPattern-count-one": "{0} pt",
            "unitPattern-count-other": "{0} pt"
          },
          "volume-quart": {
            "displayName": "qt",
            "unitPattern-count-one": "{0} qt",
            "unitPattern-count-other": "{0} qt"
          },
          "volume-tablespoon": {
            "displayName": "tbsp",
            "unitPattern-count-one": "{0} tbsp",
            "unitPattern-count-other": "{0} tbsp"
          },
          "volume-teaspoon": {
            "displayName": "tsp",
            "unitPattern-count-one": "{0} tsp",
            "unitPattern-count-other": "{0} tsp"
          }
        },
        "short": {
          "per": {
            "compoundUnitPattern": "{0}/{1}"
          },
          "acceleration-g-force": {
            "displayName": "জি-বল",
            "unitPattern-count-one": "{0} জি-বল",
            "unitPattern-count-other": "{0} জি-বল"
          },
          "acceleration-meter-per-second-squared": {
            "displayName": "m/s²",
            "unitPattern-count-one": "{0} m/s²",
            "unitPattern-count-other": "{0} m/s²"
          },
          "angle-arc-minute": {
            "displayName": "আর্কমিন",
            "unitPattern-count-one": "{0}মিনিট",
            "unitPattern-count-other": "{0}মিনিট"
          },
          "angle-arc-second": {
            "displayName": "সেকেন্ড",
            "unitPattern-count-one": "{0}সেকেন্ড",
            "unitPattern-count-other": "{0}সেকেন্ড"
          },
          "angle-degree": {
            "displayName": "ডিগ্রী",
            "unitPattern-count-one": "{0}ডিগ্রী",
            "unitPattern-count-other": "{0}ডিগ্রী"
          },
          "angle-radian": {
            "displayName": "rad",
            "unitPattern-count-one": "{0} rad",
            "unitPattern-count-other": "{0} rad"
          },
          "area-acre": {
            "displayName": "একর",
            "unitPattern-count-one": "{0} একর",
            "unitPattern-count-other": "{0} একর"
          },
          "area-hectare": {
            "displayName": "হেক্টর",
            "unitPattern-count-one": "{0} হেক্টর",
            "unitPattern-count-other": "{0} হেক্টর"
          },
          "area-square-centimeter": {
            "displayName": "cm²",
            "unitPattern-count-one": "{0} cm²",
            "unitPattern-count-other": "{0} cm²"
          },
          "area-square-foot": {
            "displayName": "বর্গ ফুট",
            "unitPattern-count-one": "{0}বর্গ ফুট",
            "unitPattern-count-other": "{0} বর্গ ফুট"
          },
          "area-square-inch": {
            "displayName": "in²",
            "unitPattern-count-one": "{0} in²",
            "unitPattern-count-other": "{0} in²"
          },
          "area-square-kilometer": {
            "displayName": "বর্গ কিলোমিটার",
            "unitPattern-count-one": "{0} বর্গ কিমি",
            "unitPattern-count-other": "{0} বর্গ কিমি"
          },
          "area-square-meter": {
            "displayName": "বর্গ মিটার",
            "unitPattern-count-one": "{0} বর্গ মিটার",
            "unitPattern-count-other": "{0} বর্গ মিটার"
          },
          "area-square-mile": {
            "displayName": "বর্গ মাইল",
            "unitPattern-count-one": "{0} বর্গ মাইল",
            "unitPattern-count-other": "{0} বর্গ মাইল"
          },
          "area-square-yard": {
            "displayName": "yd²",
            "unitPattern-count-one": "{0} yd²",
            "unitPattern-count-other": "{0} yd²"
          },
          "consumption-liter-per-kilometer": {
            "displayName": "L/km",
            "unitPattern-count-one": "{0} L/km",
            "unitPattern-count-other": "{0} L/km"
          },
          "consumption-mile-per-gallon": {
            "displayName": "mpg",
            "unitPattern-count-one": "{0} mpg",
            "unitPattern-count-other": "{0} mpg"
          },
          "digital-bit": {
            "displayName": "bit",
            "unitPattern-count-one": "{0} bit",
            "unitPattern-count-other": "{0} bit"
          },
          "digital-byte": {
            "displayName": "byte",
            "unitPattern-count-one": "{0} byte",
            "unitPattern-count-other": "{0} byte"
          },
          "digital-gigabit": {
            "displayName": "Gb",
            "unitPattern-count-one": "{0} Gb",
            "unitPattern-count-other": "{0} Gb"
          },
          "digital-gigabyte": {
            "displayName": "GB",
            "unitPattern-count-one": "{0} GB",
            "unitPattern-count-other": "{0} GB"
          },
          "digital-kilobit": {
            "displayName": "kb",
            "unitPattern-count-one": "{0} kb",
            "unitPattern-count-other": "{0} kb"
          },
          "digital-kilobyte": {
            "displayName": "kB",
            "unitPattern-count-one": "{0} kB",
            "unitPattern-count-other": "{0} kB"
          },
          "digital-megabit": {
            "displayName": "Mb",
            "unitPattern-count-one": "{0} Mb",
            "unitPattern-count-other": "{0} Mb"
          },
          "digital-megabyte": {
            "displayName": "MB",
            "unitPattern-count-one": "{0} MB",
            "unitPattern-count-other": "{0} MB"
          },
          "digital-terabit": {
            "displayName": "Tb",
            "unitPattern-count-one": "{0} Tb",
            "unitPattern-count-other": "{0} Tb"
          },
          "digital-terabyte": {
            "displayName": "TB",
            "unitPattern-count-one": "{0} TB",
            "unitPattern-count-other": "{0} TB"
          },
          "duration-day": {
            "displayName": "দিন",
            "unitPattern-count-one": "{0} দিন",
            "unitPattern-count-other": "{0} দিন"
          },
          "duration-hour": {
            "displayName": "ঘন্টা",
            "unitPattern-count-one": "{0} ঘন্টা",
            "unitPattern-count-other": "{0} ঘন্টা",
            "perUnitPattern": "{0} প্রতি ঘন্টা"
          },
          "duration-microsecond": {
            "displayName": "μsecs",
            "unitPattern-count-one": "{0} μs",
            "unitPattern-count-other": "{0} μs"
          },
          "duration-millisecond": {
            "displayName": "মিলিসেকেন্ড",
            "unitPattern-count-one": "{0} ms",
            "unitPattern-count-other": "{0} ms"
          },
          "duration-minute": {
            "displayName": "মিনিট",
            "unitPattern-count-one": "{0} মিনিট",
            "unitPattern-count-other": "{0} মিনিট"
          },
          "duration-month": {
            "displayName": "মাস",
            "unitPattern-count-one": "{0} মাস",
            "unitPattern-count-other": "{0} মাস"
          },
          "duration-nanosecond": {
            "displayName": "ন্যানোসেকেন্ড",
            "unitPattern-count-one": "{0} ns",
            "unitPattern-count-other": "{0} ns"
          },
          "duration-second": {
            "displayName": "সেকেন্ড",
            "unitPattern-count-one": "{0} সেকেন্ড",
            "unitPattern-count-other": "{0} সেকেন্ড",
            "perUnitPattern": "{0} প্রতি সেকেন্ড"
          },
          "duration-week": {
            "displayName": "সপ্তাহ",
            "unitPattern-count-one": "{0} সপ্তাহ",
            "unitPattern-count-other": "{0} সপ্তাহ"
          },
          "duration-year": {
            "displayName": "বছর",
            "unitPattern-count-one": "{0} বছর",
            "unitPattern-count-other": "{0} বছর"
          },
          "electric-ampere": {
            "displayName": "amp",
            "unitPattern-count-one": "{0} A",
            "unitPattern-count-other": "{0} A"
          },
          "electric-milliampere": {
            "displayName": "mA",
            "unitPattern-count-one": "{0} mA",
            "unitPattern-count-other": "{0} mA"
          },
          "electric-ohm": {
            "displayName": "ohm",
            "unitPattern-count-one": "{0} Ω",
            "unitPattern-count-other": "{0} Ω"
          },
          "electric-volt": {
            "displayName": "volt",
            "unitPattern-count-one": "{0} V",
            "unitPattern-count-other": "{0} V"
          },
          "energy-calorie": {
            "displayName": "cal",
            "unitPattern-count-one": "{0} cal",
            "unitPattern-count-other": "{0} cal"
          },
          "energy-foodcalorie": {
            "displayName": "Cal",
            "unitPattern-count-one": "{0} Cal",
            "unitPattern-count-other": "{0} Cal"
          },
          "energy-joule": {
            "displayName": "joule",
            "unitPattern-count-one": "{0} J",
            "unitPattern-count-other": "{0} J"
          },
          "energy-kilocalorie": {
            "displayName": "kcal",
            "unitPattern-count-one": "{0} kcal",
            "unitPattern-count-other": "{0} kcal"
          },
          "energy-kilojoule": {
            "displayName": "kJ",
            "unitPattern-count-one": "{0} kJ",
            "unitPattern-count-other": "{0} kJ"
          },
          "energy-kilowatt-hour": {
            "displayName": "kWh",
            "unitPattern-count-one": "{0} kWh",
            "unitPattern-count-other": "{0} kWh"
          },
          "frequency-gigahertz": {
            "displayName": "GHz",
            "unitPattern-count-one": "{0} GHz",
            "unitPattern-count-other": "{0} GHz"
          },
          "frequency-hertz": {
            "displayName": "Hz",
            "unitPattern-count-one": "{0} Hz",
            "unitPattern-count-other": "{0} Hz"
          },
          "frequency-kilohertz": {
            "displayName": "kHz",
            "unitPattern-count-one": "{0} kHz",
            "unitPattern-count-other": "{0} kHz"
          },
          "frequency-megahertz": {
            "displayName": "MHz",
            "unitPattern-count-one": "{0} MHz",
            "unitPattern-count-other": "{0} MHz"
          },
          "length-astronomical-unit": {
            "displayName": "au",
            "unitPattern-count-one": "{0} au",
            "unitPattern-count-other": "{0} au"
          },
          "length-centimeter": {
            "displayName": "সেন্টিমিটার",
            "unitPattern-count-one": "{0} সেমি",
            "unitPattern-count-other": "{0} সেমি"
          },
          "length-decimeter": {
            "displayName": "dm",
            "unitPattern-count-one": "{0} dm",
            "unitPattern-count-other": "{0} dm"
          },
          "length-fathom": {
            "displayName": "fm",
            "unitPattern-count-other": "{0} fm"
          },
          "length-foot": {
            "displayName": "ফুট",
            "unitPattern-count-one": "{0} ফুট",
            "unitPattern-count-other": "{0} ফুট"
          },
          "length-furlong": {
            "displayName": "fur",
            "unitPattern-count-other": "{0} fur"
          },
          "length-inch": {
            "displayName": "ইঞ্চি",
            "unitPattern-count-one": "{0} ইঞ্চি",
            "unitPattern-count-other": "{0} ইঞ্চি"
          },
          "length-kilometer": {
            "displayName": "কিলোমিটার",
            "unitPattern-count-one": "{0} কিমি",
            "unitPattern-count-other": "{0} কিমি"
          },
          "length-light-year": {
            "displayName": "আলোকবর্ষ",
            "unitPattern-count-one": "{0} আলোকবর্ষ",
            "unitPattern-count-other": "{0} আলোকবর্ষ"
          },
          "length-meter": {
            "displayName": "মিটার",
            "unitPattern-count-one": "{0} মিটার",
            "unitPattern-count-other": "{0} মিটার"
          },
          "length-micrometer": {
            "displayName": "µm",
            "unitPattern-count-one": "{0} µm",
            "unitPattern-count-other": "{0} µm"
          },
          "length-mile": {
            "displayName": "মাইল",
            "unitPattern-count-one": "{0} মাইল",
            "unitPattern-count-other": "{0} মাইল"
          },
          "length-millimeter": {
            "displayName": "মিলিমিটার",
            "unitPattern-count-one": "{0} মিমি",
            "unitPattern-count-other": "{0} মিমি"
          },
          "length-nanometer": {
            "displayName": "nm",
            "unitPattern-count-one": "{0} nm",
            "unitPattern-count-other": "{0} nm"
          },
          "length-nautical-mile": {
            "displayName": "nmi",
            "unitPattern-count-one": "{0} nmi",
            "unitPattern-count-other": "{0} nmi"
          },
          "length-parsec": {
            "displayName": "pc",
            "unitPattern-count-one": "{0} pc",
            "unitPattern-count-other": "{0} pc"
          },
          "length-picometer": {
            "displayName": "পিকোমিটার",
            "unitPattern-count-one": "{0} পিকোমিটার",
            "unitPattern-count-other": "{0} পিকোমিটার"
          },
          "length-yard": {
            "displayName": "গজ",
            "unitPattern-count-one": "{0} গজ",
            "unitPattern-count-other": "{0} গজ"
          },
          "light-lux": {
            "displayName": "lx",
            "unitPattern-count-one": "{0} lx",
            "unitPattern-count-other": "{0} lx"
          },
          "mass-carat": {
            "displayName": "CD",
            "unitPattern-count-one": "{0} CD",
            "unitPattern-count-other": "{0} CD"
          },
          "mass-gram": {
            "displayName": "গ্রাম",
            "unitPattern-count-one": "{0}গ্রাম",
            "unitPattern-count-other": "{0} গ্রাম"
          },
          "mass-kilogram": {
            "displayName": "কিলোগ্রাম",
            "unitPattern-count-one": "{0} কেজি",
            "unitPattern-count-other": "{0} কেজি"
          },
          "mass-metric-ton": {
            "displayName": "t",
            "unitPattern-count-one": "{0} t",
            "unitPattern-count-other": "{0} t"
          },
          "mass-microgram": {
            "displayName": "µg",
            "unitPattern-count-one": "{0} µg",
            "unitPattern-count-other": "{0} µg"
          },
          "mass-milligram": {
            "displayName": "mg",
            "unitPattern-count-one": "{0} mg",
            "unitPattern-count-other": "{0} mg"
          },
          "mass-ounce": {
            "displayName": "আউন্স",
            "unitPattern-count-one": "{0} আউন্স",
            "unitPattern-count-other": "{0} আউন্স"
          },
          "mass-ounce-troy": {
            "displayName": "oz t",
            "unitPattern-count-one": "{0} oz t",
            "unitPattern-count-other": "{0} oz t"
          },
          "mass-pound": {
            "displayName": "পাউন্ড",
            "unitPattern-count-one": "{0} পাউন্ড",
            "unitPattern-count-other": "{0} পাউন্ড"
          },
          "mass-stone": {
            "displayName": "st",
            "unitPattern-count-other": "{0} st"
          },
          "mass-ton": {
            "displayName": "tn",
            "unitPattern-count-one": "{0} tn",
            "unitPattern-count-other": "{0} tn"
          },
          "power-gigawatt": {
            "displayName": "GW",
            "unitPattern-count-one": "{0} GW",
            "unitPattern-count-other": "{0} GW"
          },
          "power-horsepower": {
            "displayName": "হর্সপাওয়ার",
            "unitPattern-count-one": "{0} hp",
            "unitPattern-count-other": "{0} hp"
          },
          "power-kilowatt": {
            "displayName": "কিলোওয়াট",
            "unitPattern-count-one": "{0} kW",
            "unitPattern-count-other": "{0} kW"
          },
          "power-megawatt": {
            "displayName": "MW",
            "unitPattern-count-one": "{0} MW",
            "unitPattern-count-other": "{0} MW"
          },
          "power-milliwatt": {
            "displayName": "mW",
            "unitPattern-count-one": "{0} mW",
            "unitPattern-count-other": "{0} mW"
          },
          "power-watt": {
            "displayName": "ওয়াট",
            "unitPattern-count-one": "{0} ওয়াট",
            "unitPattern-count-other": "{0} ওয়াট"
          },
          "pressure-hectopascal": {
            "displayName": "hPa",
            "unitPattern-count-one": "{0} hPa",
            "unitPattern-count-other": "{0} hPa"
          },
          "pressure-inch-hg": {
            "displayName": "inHg",
            "unitPattern-count-one": "{0} inHg",
            "unitPattern-count-other": "{0} inHg"
          },
          "pressure-millibar": {
            "displayName": "mbar",
            "unitPattern-count-one": "{0} mbar",
            "unitPattern-count-other": "{0} mbar"
          },
          "pressure-millimeter-of-mercury": {
            "displayName": "mm Hg",
            "unitPattern-count-one": "{0} mm Hg",
            "unitPattern-count-other": "{0} mm Hg"
          },
          "pressure-pound-per-square-inch": {
            "displayName": "psi",
            "unitPattern-count-one": "{0} psi",
            "unitPattern-count-other": "{0} psi"
          },
          "proportion-karat": {
            "displayName": "kt",
            "unitPattern-count-one": "{0} kt",
            "unitPattern-count-other": "{0} kt"
          },
          "speed-kilometer-per-hour": {
            "displayName": "ঘন্টা প্রতি কিলোমিটার",
            "unitPattern-count-one": "{0} kph",
            "unitPattern-count-other": "{0} ঘন্টা প্রতি কিলোমিটার"
          },
          "speed-meter-per-second": {
            "displayName": "মিটার প্রতি সেকেন্ড",
            "unitPattern-count-one": "{0} m/s",
            "unitPattern-count-other": "{0} মিটার প্রতি সেকেন্ড"
          },
          "speed-mile-per-hour": {
            "displayName": "ঘন্টা প্রতি মাইল",
            "unitPattern-count-one": "{0} mph",
            "unitPattern-count-other": "{0} mph"
          },
          "temperature-celsius": {
            "displayName": "°C",
            "unitPattern-count-one": "{0}°C",
            "unitPattern-count-other": "{0}°C"
          },
          "temperature-fahrenheit": {
            "displayName": "°F",
            "unitPattern-count-one": "{0}°F",
            "unitPattern-count-other": "{0}°F"
          },
          "temperature-kelvin": {
            "displayName": "K",
            "unitPattern-count-one": "{0} K",
            "unitPattern-count-other": "{0} K"
          },
          "volume-acre-foot": {
            "displayName": "ac ft",
            "unitPattern-count-one": "{0} ac ft",
            "unitPattern-count-other": "{0} ac ft"
          },
          "volume-bushel": {
            "displayName": "bu",
            "unitPattern-count-other": "{0} bu"
          },
          "volume-centiliter": {
            "displayName": "cL",
            "unitPattern-count-one": "{0} cL",
            "unitPattern-count-other": "{0} cL"
          },
          "volume-cubic-centimeter": {
            "displayName": "cm³",
            "unitPattern-count-one": "{0} cm³",
            "unitPattern-count-other": "{0} cm³"
          },
          "volume-cubic-foot": {
            "displayName": "ft³",
            "unitPattern-count-one": "{0} ft³",
            "unitPattern-count-other": "{0} ft³"
          },
          "volume-cubic-inch": {
            "displayName": "in³",
            "unitPattern-count-one": "{0} in³",
            "unitPattern-count-other": "{0} in³"
          },
          "volume-cubic-kilometer": {
            "displayName": "কিউবিক কিলোমিটার",
            "unitPattern-count-one": "{0} কিউবিক কিলোমিটার",
            "unitPattern-count-other": "{0} কিউবিক কিলোমিটার"
          },
          "volume-cubic-meter": {
            "displayName": "m³",
            "unitPattern-count-one": "{0} m³",
            "unitPattern-count-other": "{0} m³"
          },
          "volume-cubic-mile": {
            "displayName": "কিউবিক মাইল",
            "unitPattern-count-one": "{0} কিউবিক মাইল",
            "unitPattern-count-other": "{0} কিউবিক মাইল"
          },
          "volume-cubic-yard": {
            "displayName": "yd³",
            "unitPattern-count-one": "{0} yd³",
            "unitPattern-count-other": "{0} yd³"
          },
          "volume-cup": {
            "displayName": "cup",
            "unitPattern-count-one": "{0} c",
            "unitPattern-count-other": "{0} c"
          },
          "volume-deciliter": {
            "displayName": "dL",
            "unitPattern-count-one": "{0} dL",
            "unitPattern-count-other": "{0} dL"
          },
          "volume-fluid-ounce": {
            "displayName": "fl oz",
            "unitPattern-count-one": "{0} fl oz",
            "unitPattern-count-other": "{0} fl oz"
          },
          "volume-gallon": {
            "displayName": "gal",
            "unitPattern-count-one": "{0} gal",
            "unitPattern-count-other": "{0} gal"
          },
          "volume-hectoliter": {
            "displayName": "hL",
            "unitPattern-count-one": "{0} hL",
            "unitPattern-count-other": "{0} hL"
          },
          "volume-liter": {
            "displayName": "লিটার",
            "unitPattern-count-one": "{0} লিটার",
            "unitPattern-count-other": "{0} লিটার"
          },
          "volume-megaliter": {
            "displayName": "ML",
            "unitPattern-count-one": "{0} ML",
            "unitPattern-count-other": "{0} ML"
          },
          "volume-milliliter": {
            "displayName": "mL",
            "unitPattern-count-one": "{0} mL",
            "unitPattern-count-other": "{0} mL"
          },
          "volume-pint": {
            "displayName": "pt",
            "unitPattern-count-one": "{0} pt",
            "unitPattern-count-other": "{0} pt"
          },
          "volume-quart": {
            "displayName": "qt",
            "unitPattern-count-one": "{0} qt",
            "unitPattern-count-other": "{0} qt"
          },
          "volume-tablespoon": {
            "displayName": "tbsp",
            "unitPattern-count-one": "{0} tbsp",
            "unitPattern-count-other": "{0} tbsp"
          },
          "volume-teaspoon": {
            "displayName": "tsp",
            "unitPattern-count-one": "{0} tsp",
            "unitPattern-count-other": "{0} tsp"
          }
        },
        "narrow": {
          "per": {
            "compoundUnitPattern": "{0}/{1}"
          },
          "acceleration-g-force": {
            "displayName": "জি-বল",
            "unitPattern-count-one": "{0} জি-বল",
            "unitPattern-count-other": "{0} জি-বল"
          },
          "acceleration-meter-per-second-squared": {
            "displayName": "m/s²",
            "unitPattern-count-one": "{0} m/s²",
            "unitPattern-count-other": "{0} m/s²"
          },
          "angle-arc-minute": {
            "displayName": "আর্কমিন",
            "unitPattern-count-one": "{0}মিনিট",
            "unitPattern-count-other": "{0}মিনিট"
          },
          "angle-arc-second": {
            "displayName": "সেকেন্ড",
            "unitPattern-count-one": "{0}সেকেন্ড",
            "unitPattern-count-other": "{0}সেকেন্ড"
          },
          "angle-degree": {
            "displayName": "ডিগ্রী",
            "unitPattern-count-one": "{0}ডিগ্রী",
            "unitPattern-count-other": "{0}ডিগ্রী"
          },
          "angle-radian": {
            "displayName": "rad",
            "unitPattern-count-one": "{0} rad",
            "unitPattern-count-other": "{0} rad"
          },
          "area-acre": {
            "displayName": "একর",
            "unitPattern-count-one": "{0} একর",
            "unitPattern-count-other": "{0} একর"
          },
          "area-hectare": {
            "displayName": "হেক্টর",
            "unitPattern-count-one": "{0} হেক্টর",
            "unitPattern-count-other": "{0} হেক্টর"
          },
          "area-square-centimeter": {
            "displayName": "cm²",
            "unitPattern-count-one": "{0} cm²",
            "unitPattern-count-other": "{0} cm²"
          },
          "area-square-foot": {
            "displayName": "বর্গ ফুট",
            "unitPattern-count-one": "{0} বর্গ ফুট",
            "unitPattern-count-other": "{0} বর্গ ফুট"
          },
          "area-square-inch": {
            "displayName": "in²",
            "unitPattern-count-one": "{0} in²",
            "unitPattern-count-other": "{0} in²"
          },
          "area-square-kilometer": {
            "displayName": "বর্গ কিলোমিটার",
            "unitPattern-count-one": "{0} বর্গ কিমি",
            "unitPattern-count-other": "{0} বর্গ কিমি"
          },
          "area-square-meter": {
            "displayName": "বর্গ মিটার",
            "unitPattern-count-one": "{0} m²",
            "unitPattern-count-other": "{0} m²"
          },
          "area-square-mile": {
            "displayName": "বর্গ মাইল",
            "unitPattern-count-one": "{0} বর্গ মাইল",
            "unitPattern-count-other": "{0} বর্গ মাইল"
          },
          "area-square-yard": {
            "displayName": "yd²",
            "unitPattern-count-one": "{0} yd²",
            "unitPattern-count-other": "{0} yd²"
          },
          "consumption-liter-per-kilometer": {
            "displayName": "L/km",
            "unitPattern-count-one": "{0} L/km",
            "unitPattern-count-other": "{0} L/km"
          },
          "consumption-mile-per-gallon": {
            "displayName": "mpg",
            "unitPattern-count-one": "{0} mpg",
            "unitPattern-count-other": "{0} mpg"
          },
          "digital-bit": {
            "displayName": "bit",
            "unitPattern-count-one": "{0} bit",
            "unitPattern-count-other": "{0} bit"
          },
          "digital-byte": {
            "displayName": "byte",
            "unitPattern-count-one": "{0} byte",
            "unitPattern-count-other": "{0} byte"
          },
          "digital-gigabit": {
            "displayName": "Gb",
            "unitPattern-count-one": "{0} Gb",
            "unitPattern-count-other": "{0} Gb"
          },
          "digital-gigabyte": {
            "displayName": "GB",
            "unitPattern-count-one": "{0} GB",
            "unitPattern-count-other": "{0} GB"
          },
          "digital-kilobit": {
            "displayName": "kb",
            "unitPattern-count-one": "{0} kb",
            "unitPattern-count-other": "{0} kb"
          },
          "digital-kilobyte": {
            "displayName": "kB",
            "unitPattern-count-one": "{0} kB",
            "unitPattern-count-other": "{0} kB"
          },
          "digital-megabit": {
            "displayName": "Mb",
            "unitPattern-count-one": "{0} Mb",
            "unitPattern-count-other": "{0} Mb"
          },
          "digital-megabyte": {
            "displayName": "MB",
            "unitPattern-count-one": "{0} MB",
            "unitPattern-count-other": "{0} MB"
          },
          "digital-terabit": {
            "displayName": "Tb",
            "unitPattern-count-one": "{0} Tb",
            "unitPattern-count-other": "{0} Tb"
          },
          "digital-terabyte": {
            "displayName": "TB",
            "unitPattern-count-one": "{0} TB",
            "unitPattern-count-other": "{0} TB"
          },
          "duration-day": {
            "displayName": "দিন",
            "unitPattern-count-one": "{0} দিন",
            "unitPattern-count-other": "{0} দিন"
          },
          "duration-hour": {
            "displayName": "ঘন্টা",
            "unitPattern-count-one": "{0} ঘন্টা",
            "unitPattern-count-other": "{0} ঘন্টা",
            "perUnitPattern": "{0} প্রতি ঘন্টা"
          },
          "duration-microsecond": {
            "displayName": "μsecs",
            "unitPattern-count-one": "{0} μs",
            "unitPattern-count-other": "{0} μs"
          },
          "duration-millisecond": {
            "displayName": "মিলিসেকেন্ড",
            "unitPattern-count-one": "{0} ms",
            "unitPattern-count-other": "{0} ms"
          },
          "duration-minute": {
            "displayName": "মিনিট",
            "unitPattern-count-one": "{0} মিনিট",
            "unitPattern-count-other": "{0} মিনিট"
          },
          "duration-month": {
            "displayName": "মাস",
            "unitPattern-count-one": "{0} মাস",
            "unitPattern-count-other": "{0} মাস"
          },
          "duration-nanosecond": {
            "displayName": "ন্যানোসেকেন্ড",
            "unitPattern-count-one": "{0} ns",
            "unitPattern-count-other": "{0} ns"
          },
          "duration-second": {
            "displayName": "সেকেন্ড",
            "unitPattern-count-one": "{0} সেকেন্ড",
            "unitPattern-count-other": "{0} সেকেন্ড",
            "perUnitPattern": "{0} প্রতি সেকেন্ড"
          },
          "duration-week": {
            "displayName": "সপ্তাহ",
            "unitPattern-count-one": "{0} সপ্তাহ",
            "unitPattern-count-other": "{0} সপ্তাহ"
          },
          "duration-year": {
            "displayName": "বছর",
            "unitPattern-count-one": "{0} বছর",
            "unitPattern-count-other": "{0} বছর"
          },
          "electric-ampere": {
            "displayName": "amp",
            "unitPattern-count-one": "{0} A",
            "unitPattern-count-other": "{0} A"
          },
          "electric-milliampere": {
            "displayName": "mA",
            "unitPattern-count-one": "{0} mA",
            "unitPattern-count-other": "{0} mA"
          },
          "electric-ohm": {
            "displayName": "ohm",
            "unitPattern-count-one": "{0} Ω",
            "unitPattern-count-other": "{0} Ω"
          },
          "electric-volt": {
            "displayName": "volt",
            "unitPattern-count-one": "{0} V",
            "unitPattern-count-other": "{0} V"
          },
          "energy-calorie": {
            "displayName": "cal",
            "unitPattern-count-one": "{0} cal",
            "unitPattern-count-other": "{0} cal"
          },
          "energy-foodcalorie": {
            "displayName": "Cal",
            "unitPattern-count-one": "{0} Cal",
            "unitPattern-count-other": "{0} Cal"
          },
          "energy-joule": {
            "displayName": "joule",
            "unitPattern-count-one": "{0} J",
            "unitPattern-count-other": "{0} J"
          },
          "energy-kilocalorie": {
            "displayName": "kcal",
            "unitPattern-count-one": "{0} kcal",
            "unitPattern-count-other": "{0} kcal"
          },
          "energy-kilojoule": {
            "displayName": "kJ",
            "unitPattern-count-one": "{0} kJ",
            "unitPattern-count-other": "{0} kJ"
          },
          "energy-kilowatt-hour": {
            "displayName": "kWh",
            "unitPattern-count-one": "{0} kWh",
            "unitPattern-count-other": "{0} kWh"
          },
          "frequency-gigahertz": {
            "displayName": "GHz",
            "unitPattern-count-one": "{0} GHz",
            "unitPattern-count-other": "{0} GHz"
          },
          "frequency-hertz": {
            "displayName": "Hz",
            "unitPattern-count-one": "{0} Hz",
            "unitPattern-count-other": "{0} Hz"
          },
          "frequency-kilohertz": {
            "displayName": "kHz",
            "unitPattern-count-one": "{0} kHz",
            "unitPattern-count-other": "{0} kHz"
          },
          "frequency-megahertz": {
            "displayName": "MHz",
            "unitPattern-count-one": "{0} MHz",
            "unitPattern-count-other": "{0} MHz"
          },
          "length-astronomical-unit": {
            "displayName": "au",
            "unitPattern-count-one": "{0} au",
            "unitPattern-count-other": "{0} au"
          },
          "length-centimeter": {
            "displayName": "সেন্টিমিটার",
            "unitPattern-count-one": "{0} সেমি",
            "unitPattern-count-other": "{0} সেমি"
          },
          "length-decimeter": {
            "displayName": "dm",
            "unitPattern-count-one": "{0} dm",
            "unitPattern-count-other": "{0} dm"
          },
          "length-fathom": {
            "displayName": "fm",
            "unitPattern-count-other": "{0} fm"
          },
          "length-foot": {
            "displayName": "ফুট",
            "unitPattern-count-one": "{0} ফুট",
            "unitPattern-count-other": "{0} ফুট"
          },
          "length-furlong": {
            "displayName": "fur",
            "unitPattern-count-other": "{0} fur"
          },
          "length-inch": {
            "displayName": "ইঞ্চি",
            "unitPattern-count-one": "{0} ইঞ্চি",
            "unitPattern-count-other": "{0} ইঞ্চি"
          },
          "length-kilometer": {
            "displayName": "কিলোমিটার",
            "unitPattern-count-one": "{0} কিমি",
            "unitPattern-count-other": "{0} কিমি"
          },
          "length-light-year": {
            "displayName": "আলোকবর্ষ",
            "unitPattern-count-one": "{0} আলোকবর্ষ",
            "unitPattern-count-other": "{0} আলোকবর্ষ"
          },
          "length-meter": {
            "displayName": "মিটার",
            "unitPattern-count-one": "{0} মিটার",
            "unitPattern-count-other": "{0} মিটার"
          },
          "length-micrometer": {
            "displayName": "µm",
            "unitPattern-count-one": "{0} µm",
            "unitPattern-count-other": "{0} µm"
          },
          "length-mile": {
            "displayName": "মাইল",
            "unitPattern-count-one": "{0} মাইল",
            "unitPattern-count-other": "{0} মাইল"
          },
          "length-millimeter": {
            "displayName": "মিলিমিটার",
            "unitPattern-count-one": "{0} মিমি",
            "unitPattern-count-other": "{0} মিমি"
          },
          "length-nanometer": {
            "displayName": "nm",
            "unitPattern-count-one": "{0} nm",
            "unitPattern-count-other": "{0} nm"
          },
          "length-nautical-mile": {
            "displayName": "nmi",
            "unitPattern-count-one": "{0} nmi",
            "unitPattern-count-other": "{0} nmi"
          },
          "length-parsec": {
            "displayName": "pc",
            "unitPattern-count-one": "{0} pc",
            "unitPattern-count-other": "{0} pc"
          },
          "length-picometer": {
            "displayName": "পিকোমিটার",
            "unitPattern-count-one": "{0} পিমি",
            "unitPattern-count-other": "{0} পিমি"
          },
          "length-yard": {
            "displayName": "গজ",
            "unitPattern-count-one": "{0} গজ",
            "unitPattern-count-other": "{0} গজ"
          },
          "light-lux": {
            "displayName": "lx",
            "unitPattern-count-one": "{0} lx",
            "unitPattern-count-other": "{0} lx"
          },
          "mass-carat": {
            "displayName": "CD",
            "unitPattern-count-one": "{0} CD",
            "unitPattern-count-other": "{0} CD"
          },
          "mass-gram": {
            "displayName": "গ্রাম",
            "unitPattern-count-one": "{0} গ্রাম",
            "unitPattern-count-other": "{0} গ্রাম"
          },
          "mass-kilogram": {
            "displayName": "কিলোগ্রাম",
            "unitPattern-count-one": "{0} কেজি",
            "unitPattern-count-other": "{0} কেজি"
          },
          "mass-metric-ton": {
            "displayName": "t",
            "unitPattern-count-one": "{0} t",
            "unitPattern-count-other": "{0} t"
          },
          "mass-microgram": {
            "displayName": "µg",
            "unitPattern-count-one": "{0} µg",
            "unitPattern-count-other": "{0} µg"
          },
          "mass-milligram": {
            "displayName": "mg",
            "unitPattern-count-one": "{0} mg",
            "unitPattern-count-other": "{0} mg"
          },
          "mass-ounce": {
            "displayName": "আউন্স",
            "unitPattern-count-one": "{0} আউন্স",
            "unitPattern-count-other": "{0} আউন্স"
          },
          "mass-ounce-troy": {
            "displayName": "oz t",
            "unitPattern-count-one": "{0} oz t",
            "unitPattern-count-other": "{0} oz t"
          },
          "mass-pound": {
            "displayName": "পাউন্ড",
            "unitPattern-count-one": "{0} পাউন্ড",
            "unitPattern-count-other": "{0} পাউন্ড"
          },
          "mass-stone": {
            "displayName": "st",
            "unitPattern-count-other": "{0} st"
          },
          "mass-ton": {
            "displayName": "tn",
            "unitPattern-count-one": "{0} tn",
            "unitPattern-count-other": "{0} tn"
          },
          "power-gigawatt": {
            "displayName": "GW",
            "unitPattern-count-one": "{0} GW",
            "unitPattern-count-other": "{0} GW"
          },
          "power-horsepower": {
            "displayName": "হর্সপাওয়ার",
            "unitPattern-count-one": "{0} hp",
            "unitPattern-count-other": "{0} hp"
          },
          "power-kilowatt": {
            "displayName": "কিলোওয়াট",
            "unitPattern-count-one": "{0} kW",
            "unitPattern-count-other": "{0} kW"
          },
          "power-megawatt": {
            "displayName": "MW",
            "unitPattern-count-one": "{0} MW",
            "unitPattern-count-other": "{0} MW"
          },
          "power-milliwatt": {
            "displayName": "mW",
            "unitPattern-count-one": "{0} mW",
            "unitPattern-count-other": "{0} mW"
          },
          "power-watt": {
            "displayName": "ওয়াট",
            "unitPattern-count-one": "{0} ওয়াট",
            "unitPattern-count-other": "{0} ওয়াট"
          },
          "pressure-hectopascal": {
            "displayName": "hPa",
            "unitPattern-count-one": "{0} hPa",
            "unitPattern-count-other": "{0} hPa"
          },
          "pressure-inch-hg": {
            "displayName": "inHg",
            "unitPattern-count-one": "{0} inHg",
            "unitPattern-count-other": "{0} inHg"
          },
          "pressure-millibar": {
            "displayName": "mbar",
            "unitPattern-count-one": "{0} mb",
            "unitPattern-count-other": "{0} mb"
          },
          "pressure-millimeter-of-mercury": {
            "displayName": "mm Hg",
            "unitPattern-count-one": "{0} mm Hg",
            "unitPattern-count-other": "{0} mm Hg"
          },
          "pressure-pound-per-square-inch": {
            "displayName": "psi",
            "unitPattern-count-one": "{0} psi",
            "unitPattern-count-other": "{0} psi"
          },
          "proportion-karat": {
            "displayName": "kt",
            "unitPattern-count-one": "{0} kt",
            "unitPattern-count-other": "{0} kt"
          },
          "speed-kilometer-per-hour": {
            "displayName": "ঘন্টা প্রতি কিলোমিটার",
            "unitPattern-count-one": "{0}kph",
            "unitPattern-count-other": "{0}kpm"
          },
          "speed-meter-per-second": {
            "displayName": "মিটার প্রতি সেকেন্ড",
            "unitPattern-count-one": "{0}m/s",
            "unitPattern-count-other": "{0}m/s"
          },
          "speed-mile-per-hour": {
            "displayName": "ঘন্টা প্রতি মাইল",
            "unitPattern-count-one": "{0}mph",
            "unitPattern-count-other": "{0}mph"
          },
          "temperature-celsius": {
            "displayName": "°C",
            "unitPattern-count-one": "{0}°C",
            "unitPattern-count-other": "{0}°C"
          },
          "temperature-fahrenheit": {
            "displayName": "°F",
            "unitPattern-count-one": "{0}°F",
            "unitPattern-count-other": "{0}°F"
          },
          "temperature-kelvin": {
            "displayName": "K",
            "unitPattern-count-one": "{0} K",
            "unitPattern-count-other": "{0} K"
          },
          "volume-acre-foot": {
            "displayName": "ac ft",
            "unitPattern-count-one": "{0} ac ft",
            "unitPattern-count-other": "{0} ac ft"
          },
          "volume-bushel": {
            "displayName": "bu",
            "unitPattern-count-other": "{0} bu"
          },
          "volume-centiliter": {
            "displayName": "cL",
            "unitPattern-count-one": "{0} cL",
            "unitPattern-count-other": "{0} cL"
          },
          "volume-cubic-centimeter": {
            "displayName": "cm³",
            "unitPattern-count-one": "{0} cm³",
            "unitPattern-count-other": "{0} cm³"
          },
          "volume-cubic-foot": {
            "displayName": "ft³",
            "unitPattern-count-one": "{0} ft³",
            "unitPattern-count-other": "{0} ft³"
          },
          "volume-cubic-inch": {
            "displayName": "in³",
            "unitPattern-count-one": "{0} in³",
            "unitPattern-count-other": "{0} in³"
          },
          "volume-cubic-kilometer": {
            "displayName": "কিউবিক কিলোমিটার",
            "unitPattern-count-one": "{0}km³",
            "unitPattern-count-other": "{0}km³"
          },
          "volume-cubic-meter": {
            "displayName": "m³",
            "unitPattern-count-one": "{0} m³",
            "unitPattern-count-other": "{0} m³"
          },
          "volume-cubic-mile": {
            "displayName": "কিউবিক মাইল",
            "unitPattern-count-one": "{0}mi³",
            "unitPattern-count-other": "{0}mi³"
          },
          "volume-cubic-yard": {
            "displayName": "yd³",
            "unitPattern-count-one": "{0} yd³",
            "unitPattern-count-other": "{0} yd³"
          },
          "volume-cup": {
            "displayName": "cup",
            "unitPattern-count-one": "{0} c",
            "unitPattern-count-other": "{0} c"
          },
          "volume-deciliter": {
            "displayName": "dL",
            "unitPattern-count-one": "{0} dL",
            "unitPattern-count-other": "{0} dL"
          },
          "volume-fluid-ounce": {
            "displayName": "fl oz",
            "unitPattern-count-one": "{0} fl oz",
            "unitPattern-count-other": "{0} fl oz"
          },
          "volume-gallon": {
            "displayName": "gal",
            "unitPattern-count-one": "{0} gal",
            "unitPattern-count-other": "{0} gal"
          },
          "volume-hectoliter": {
            "displayName": "hL",
            "unitPattern-count-one": "{0} hL",
            "unitPattern-count-other": "{0} hL"
          },
          "volume-liter": {
            "displayName": "লিটার",
            "unitPattern-count-one": "{0} লিটার",
            "unitPattern-count-other": "{0} লিটার"
          },
          "volume-megaliter": {
            "displayName": "ML",
            "unitPattern-count-one": "{0} ML",
            "unitPattern-count-other": "{0} ML"
          },
          "volume-milliliter": {
            "displayName": "mL",
            "unitPattern-count-one": "{0} mL",
            "unitPattern-count-other": "{0} mL"
          },
          "volume-pint": {
            "displayName": "pt",
            "unitPattern-count-one": "{0} pt",
            "unitPattern-count-other": "{0} pt"
          },
          "volume-quart": {
            "displayName": "qt",
            "unitPattern-count-one": "{0} qt",
            "unitPattern-count-other": "{0} qt"
          },
          "volume-tablespoon": {
            "displayName": "tbsp",
            "unitPattern-count-one": "{0} tbsp",
            "unitPattern-count-other": "{0} tbsp"
          },
          "volume-teaspoon": {
            "displayName": "tsp",
            "unitPattern-count-one": "{0} tsp",
            "unitPattern-count-other": "{0} tsp"
          }
        },
        "durationUnit-type-hm": {
          "durationUnitPattern": "h:mm"
        },
        "durationUnit-type-hms": {
          "durationUnitPattern": "h:mm:ss"
        },
        "durationUnit-type-ms": {
          "durationUnitPattern": "m:ss"
        }
      }
    }
  }
}
