{
  "main": {
    "bn": {
      "identity": {
        "version": {
          "_cldrVersion": "26",
          "_number": "$Revision: 10809 $"
        },
        "generation": {
          "_date": "$Date: 2014-08-14 15:10:07 -0500 (Thu, 14 Aug 2014) $"
        },
        "language": "bn"
      },
      "dates": {
        "calendars": {
          "gregorian": {
            "months": {
              "format": {
                "abbreviated": {
                  "1": "জানুয়ারী",
                  "2": "ফেব্রুয়ারী",
                  "3": "মার্চ",
                  "4": "এপ্রিল",
                  "5": "মে",
                  "6": "জুন",
                  "7": "জুলাই",
                  "8": "আগস্ট",
                  "9": "সেপ্টেম্বর",
                  "10": "অক্টোবর",
                  "11": "নভেম্বর",
                  "12": "ডিসেম্বর"
                },
                "narrow": {
                  "1": "জা",
                  "2": "ফে",
                  "3": "মা",
                  "4": "এ",
                  "5": "মে",
                  "6": "জুন",
                  "7": "জু",
                  "8": "আ",
                  "9": "সে",
                  "10": "অ",
                  "11": "ন",
                  "12": "ডি"
                },
                "wide": {
                  "1": "জানুয়ারী",
                  "2": "ফেব্রুয়ারী",
                  "3": "মার্চ",
                  "4": "এপ্রিল",
                  "5": "মে",
                  "6": "জুন",
                  "7": "জুলাই",
                  "8": "আগস্ট",
                  "9": "সেপ্টেম্বর",
                  "10": "অক্টোবর",
                  "11": "নভেম্বর",
                  "12": "ডিসেম্বর"
                }
              },
              "stand-alone": {
                "abbreviated": {
                  "1": "জানুয়ারী",
                  "2": "ফেব্রুয়ারী",
                  "3": "মার্চ",
                  "4": "এপ্রিল",
                  "5": "মে",
                  "6": "জুন",
                  "7": "জুলাই",
                  "8": "আগস্ট",
                  "9": "সেপ্টেম্বর",
                  "10": "অক্টোবর",
                  "11": "নভেম্বর",
                  "12": "ডিসেম্বর"
                },
                "narrow": {
                  "1": "জা",
                  "2": "ফে",
                  "3": "মা",
                  "4": "এ",
                  "5": "মে",
                  "6": "জুন",
                  "7": "জু",
                  "8": "আ",
                  "9": "সে",
                  "10": "অ",
                  "11": "ন",
                  "12": "ডি"
                },
                "wide": {
                  "1": "জানুয়ারী",
                  "2": "ফেব্রুয়ারী",
                  "3": "মার্চ",
                  "4": "এপ্রিল",
                  "5": "মে",
                  "6": "জুন",
                  "7": "জুলাই",
                  "8": "আগস্ট",
                  "9": "সেপ্টেম্বর",
                  "10": "অক্টোবর",
                  "11": "নভেম্বর",
                  "12": "ডিসেম্বর"
                }
              }
            },
            "days": {
              "format": {
                "abbreviated": {
                  "sun": "রবি",
                  "mon": "সোম",
                  "tue": "মঙ্গল",
                  "wed": "বুধ",
                  "thu": "বৃহস্পতি",
                  "fri": "শুক্র",
                  "sat": "শনি"
                },
                "narrow": {
                  "sun": "র",
                  "mon": "সো",
                  "tue": "ম",
                  "wed": "বু",
                  "thu": "বৃ",
                  "fri": "শু",
                  "sat": "শ"
                },
                "short": {
                  "sun": "রঃ",
                  "mon": "সোঃ",
                  "tue": "মঃ",
                  "wed": "বুঃ",
                  "thu": "বৃঃ",
                  "fri": "শুঃ",
                  "sat": "শোঃ"
                },
                "wide": {
                  "sun": "রবিবার",
                  "mon": "সোমবার",
                  "tue": "মঙ্গলবার",
                  "wed": "বুধবার",
                  "thu": "বৃহস্পতিবার",
                  "fri": "শুক্রবার",
                  "sat": "শনিবার"
                }
              },
              "stand-alone": {
                "abbreviated": {
                  "sun": "রবি",
                  "mon": "সোম",
                  "tue": "মঙ্গল",
                  "wed": "বুধ",
                  "thu": "বৃহস্পতি",
                  "fri": "শুক্র",
                  "sat": "শনি"
                },
                "narrow": {
                  "sun": "র",
                  "mon": "সো",
                  "tue": "ম",
                  "wed": "বু",
                  "thu": "বৃ",
                  "fri": "শু",
                  "sat": "শ"
                },
                "short": {
                  "sun": "রঃ",
                  "mon": "সোঃ",
                  "tue": "মঃ",
                  "wed": "বুঃ",
                  "thu": "বৃঃ",
                  "fri": "শুঃ",
                  "sat": "শনি"
                },
                "wide": {
                  "sun": "রবিবার",
                  "mon": "সোমবার",
                  "tue": "মঙ্গলবার",
                  "wed": "বুধবার",
                  "thu": "বৃহষ্পতিবার",
                  "fri": "শুক্রবার",
                  "sat": "শনিবার"
                }
              }
            },
            "quarters": {
              "format": {
                "abbreviated": {
                  "1": "প্র. ত্রৈ. এক. চতুর্থাংশ",
                  "2": "দ্বি.ত্রৈ.এক. চতুর্থাংশ",
                  "3": "তৃ.ত্রৈ.এক.চতুর্থাংশ",
                  "4": "চ.ত্রৈ.এক চতুর্থাংশ"
                },
                "narrow": {
                  "1": "১",
                  "2": "২",
                  "3": "৩",
                  "4": "৪"
                },
                "wide": {
                  "1": "প্রথম ত্রৈমাসিকের এক চতুর্থাংশ",
                  "2": "দ্বিতীয় ত্রৈমাসিকের এক চতুর্থাংশ",
                  "3": "তৃতীয় ত্রৈমাসিকের এক চতুর্থাংশ",
                  "4": "চতুর্থ ত্রৈমাসিকের এক চতুর্থাংশ"
                }
              },
              "stand-alone": {
                "abbreviated": {
                  "1": "প্র.ত্রৈ.এক.চতুর্থাংশ",
                  "2": "দ্বি.ত্রৈ.এক চতুর্থাংশ",
                  "3": "তৃ.ত্রৈ.এক.চতুর্থাংশ",
                  "4": "চ.ত্রৈ.এক.চতুর্থাংশ"
                },
                "narrow": {
                  "1": "১",
                  "2": "২",
                  "3": "৩",
                  "4": "৪"
                },
                "wide": {
                  "1": "প্রথম ত্রৈমাসিকের এক চতুর্থাংশ",
                  "2": "দ্বিতীয় ত্রৈমাসিকের এক চতুর্থাংশ",
                  "3": "তৃতীয় ত্রৈমাসিকের এক চতুর্থাংশ",
                  "4": "চতুর্থ ত্রৈমাসিকের এক চতুর্থাংশ"
                }
              }
            },
            "dayPeriods": {
              "format": {
                "abbreviated": {
                  "am": "পূর্বাহ্ণ",
                  "noon": "দুপুর",
                  "pm": "অপরাহ্ণ"
                },
                "narrow": {
                  "am": "পূর্বাহ্ণ",
                  "noon": "দুপুর",
                  "pm": "অপরাহ্ণ"
                },
                "wide": {
                  "am": "পূর্বাহ্ণ",
                  "noon": "দুপুর",
                  "pm": "অপরাহ্ণ"
                }
              },
              "stand-alone": {
                "abbreviated": {
                  "am": "পূর্বাহ্ণ",
                  "noon": "দুপুর",
                  "pm": "অপরাহ্ণ"
                },
                "narrow": {
                  "am": "পূর্বাহ্ণ",
                  "noon": "দুপুর",
                  "pm": "অপরাহ্ণ"
                },
                "wide": {
                  "am": "পূর্বাহ্ণ",
                  "noon": "দুপুর",
                  "pm": "অপরাহ্ণ"
                }
              }
            },
            "eras": {
              "eraNames": {
                "0": "খ্রিস্টপূর্ব",
                "0-alt-variant": "খ্রিষ্টপূর্বাব্দ",
                "1": "খৃষ্টাব্দ",
                "1-alt-variant": "খ্রিষ্টাব্দ"
              },
              "eraAbbr": {
                "0": "খ্রিস্টপূর্ব",
                "0-alt-variant": "খ্রিষ্টপূর্বাব্দ",
                "1": "খৃষ্টাব্দ",
                "1-alt-variant": "খ্রিষ্টাব্দ"
              },
              "eraNarrow": {
                "0": "খ্রিস্টপূর্ব",
                "0-alt-variant": "খ্রিষ্টপূর্বাব্দ",
                "1": "খৃষ্টাব্দ",
                "1-alt-variant": "খ্রিষ্টাব্দ"
              }
            },
            "dateFormats": {
              "full": "EEEE, d MMMM, y",
              "long": "d MMMM, y",
              "medium": "d MMM, y",
              "short": "d/M/yy"
            },
            "timeFormats": {
              "full": "h:mm:ss a zzzz",
              "long": "h:mm:ss a z",
              "medium": "h:mm:ss a",
              "short": "h:mm a"
            },
            "dateTimeFormats": {
              "full": "{1} {0}",
              "long": "{1} {0}",
              "medium": "{1} {0}",
              "short": "{1} {0}",
              "availableFormats": {
                "E": "ccc",
                "EHm": "E HH:mm",
                "EHms": "E HH:mm:ss",
                "Ed": "d E",
                "Ehm": "E h:mm a",
                "Ehms": "E h:mm:ss a",
                "Gy": "y G",
                "GyMMM": "MMM y G",
                "GyMMMEd": "E, d MMM, y G",
                "GyMMMd": "d MMM, y G",
                "H": "HH",
                "Hm": "HH:mm",
                "Hms": "HH:mm:ss",
                "M": "L",
                "MEd": "E, d-M",
                "MMM": "LLL",
                "MMMEd": "E d MMM",
                "MMMMEd": "E d MMMM",
                "MMMMd": "d MMMM",
                "MMMd": "d MMM",
                "MMdd": "dd-MM",
                "Md": "d/M",
                "d": "d",
                "h": "h a",
                "hm": "h:mm a",
                "hms": "h:mm:ss a",
                "ms": "mm:ss",
                "y": "y",
                "yM": "M/y",
                "yMEd": "E, d/M/y",
                "yMM": "MM-y",
                "yMMM": "MMM y",
                "yMMMEd": "E, d MMM, y",
                "yMMMM": "MMMM y",
                "yMMMd": "d MMM, y",
                "yMd": "d/M/y",
                "yQQQ": "QQQ y",
                "yQQQQ": "QQQQ y"
              },
              "appendItems": {
                "Day": "{0} ({2}: {1})",
                "Day-Of-Week": "{0} {1}",
                "Era": "{1} {0}",
                "Hour": "{0} ({2}: {1})",
                "Minute": "{0} ({2}: {1})",
                "Month": "{0} ({2}: {1})",
                "Quarter": "{0} ({2}: {1})",
                "Second": "{0} ({2}: {1})",
                "Timezone": "{0} {1}",
                "Week": "{0} ({2}: {1})",
                "Year": "{1} {0}"
              },
              "intervalFormats": {
                "intervalFormatFallback": "{0} – {1}",
                "H": {
                  "H": "HH–HH"
                },
                "Hm": {
                  "H": "HH:mm–HH:mm",
                  "m": "HH:mm–HH:mm"
                },
                "Hmv": {
                  "H": "HH:mm–HH:mm v",
                  "m": "HH:mm–HH:mm v"
                },
                "Hv": {
                  "H": "HH–HH v"
                },
                "M": {
                  "M": "M-M"
                },
                "MEd": {
                  "M": "E, d/M – E, d/M",
                  "d": "E, d/M – E, d/M"
                },
                "MMM": {
                  "M": "LLL-LLL"
                },
                "MMMEd": {
                  "M": "E, d MMM – E, d MMM",
                  "d": "E, d MMM – E, d MMM"
                },
                "MMMd": {
                  "M": "d MMM – d MMM",
                  "d": "d–d MMM"
                },
                "Md": {
                  "M": "d/M - d/M",
                  "d": "d/M - d/M"
                },
                "d": {
                  "d": "d-d"
                },
                "h": {
                  "a": "h a – h a",
                  "h": "h–h a"
                },
                "hm": {
                  "a": "h:mm a – h:mm a",
                  "h": "h:mm–h:mm a",
                  "m": "h:mm–h:mm a"
                },
                "hmv": {
                  "a": "h:mm a – h:mm a v",
                  "h": "h:mm–h:mm a v",
                  "m": "h:mm–h:mm a v"
                },
                "hv": {
                  "a": "h a – h a v",
                  "h": "h–h a v"
                },
                "y": {
                  "y": "y-y"
                },
                "yM": {
                  "M": "M/y – M/y",
                  "y": "M/y – M/y"
                },
                "yMEd": {
                  "M": "E, d/M/y – E, d/M/y",
                  "d": "E, d/M/y – E, d/M/y",
                  "y": "E, d/M/y – E, d/M/y"
                },
                "yMMM": {
                  "M": "MMM–MMM y",
                  "y": "MMM y – MMM y"
                },
                "yMMMEd": {
                  "M": "E, d MMM – E, d MMM, y",
                  "d": "E, d MMM – E, d MMM, y",
                  "y": "E, d MMM, y – E, d MMM, y"
                },
                "yMMMM": {
                  "M": "MMMM–MMMM y",
                  "y": "MMMM y – MMMM y"
                },
                "yMMMd": {
                  "M": "d MMM – d MMM, y",
                  "d": "d–d MMM, y",
                  "y": "d MMM, y – d MMM, y"
                },
                "yMd": {
                  "M": "d/M/y – d/M/y",
                  "d": "d/M/y – d/M/y",
                  "y": "d/M/y – d/M/y"
                }
              }
            }
          }
        }
      }
    }
  }
}
