{
  "main": {
    "bn": {
      "identity": {
        "version": {
          "_cldrVersion": "26",
          "_number": "$Revision: 10809 $"
        },
        "generation": {
          "_date": "$Date: 2014-08-14 15:10:07 -0500 (Thu, 14 Aug 2014) $"
        },
        "language": "bn"
      },
      "dates": {
        "calendars": {
          "persian": {
            "months": {
              "format": {
                "abbreviated": {
                  "1": "Farvardin",
                  "2": "Ordibehesht",
                  "3": "Khordad",
                  "4": "Tir",
                  "5": "Mordad",
                  "6": "Shahrivar",
                  "7": "Mehr",
                  "8": "Aban",
                  "9": "Azar",
                  "10": "Dey",
                  "11": "Bahman",
                  "12": "Esfand"
                },
                "narrow": {
                  "1": "1",
                  "2": "2",
                  "3": "3",
                  "4": "4",
                  "5": "5",
                  "6": "6",
                  "7": "7",
                  "8": "8",
                  "9": "9",
                  "10": "10",
                  "11": "11",
                  "12": "12"
                },
                "wide": {
                  "1": "Farvardin",
                  "2": "Ordibehesht",
                  "3": "Khordad",
                  "4": "Tir",
                  "5": "Mordad",
                  "6": "Shahrivar",
                  "7": "Mehr",
                  "8": "Aban",
                  "9": "Azar",
                  "10": "Dey",
                  "11": "Bahman",
                  "12": "Esfand"
                }
              },
              "stand-alone": {
                "abbreviated": {
                  "1": "Farvardin",
                  "2": "Ordibehesht",
                  "3": "Khordad",
                  "4": "Tir",
                  "5": "Mordad",
                  "6": "Shahrivar",
                  "7": "Mehr",
                  "8": "Aban",
                  "9": "Azar",
                  "10": "Dey",
                  "11": "Bahman",
                  "12": "Esfand"
                },
                "narrow": {
                  "1": "1",
                  "2": "2",
                  "3": "3",
                  "4": "4",
                  "5": "5",
                  "6": "6",
                  "7": "7",
                  "8": "8",
                  "9": "9",
                  "10": "10",
                  "11": "11",
                  "12": "12"
                },
                "wide": {
                  "1": "Farvardin",
                  "2": "Ordibehesht",
                  "3": "Khordad",
                  "4": "Tir",
                  "5": "Mordad",
                  "6": "Shahrivar",
                  "7": "Mehr",
                  "8": "Aban",
                  "9": "Azar",
                  "10": "Dey",
                  "11": "Bahman",
                  "12": "Esfand"
                }
              }
            },
            "days": {
              "format": {
                "abbreviated": {
                  "sun": "রবি",
                  "mon": "সোম",
                  "tue": "মঙ্গল",
                  "wed": "বুধ",
                  "thu": "বৃহস্পতি",
                  "fri": "শুক্র",
                  "sat": "শনি"
                },
                "narrow": {
                  "sun": "র",
                  "mon": "সো",
                  "tue": "ম",
                  "wed": "বু",
                  "thu": "বৃ",
                  "fri": "শু",
                  "sat": "শ"
                },
                "short": {
                  "sun": "রঃ",
                  "mon": "সোঃ",
                  "tue": "মঃ",
                  "wed": "বুঃ",
                  "thu": "বৃঃ",
                  "fri": "শুঃ",
                  "sat": "শোঃ"
                },
                "wide": {
                  "sun": "রবিবার",
                  "mon": "সোমবার",
                  "tue": "মঙ্গলবার",
                  "wed": "বুধবার",
                  "thu": "বৃহস্পতিবার",
                  "fri": "শুক্রবার",
                  "sat": "শনিবার"
                }
              },
              "stand-alone": {
                "abbreviated": {
                  "sun": "রবি",
                  "mon": "সোম",
                  "tue": "মঙ্গল",
                  "wed": "বুধ",
                  "thu": "বৃহস্পতি",
                  "fri": "শুক্র",
                  "sat": "শনি"
                },
                "narrow": {
                  "sun": "র",
                  "mon": "সো",
                  "tue": "ম",
                  "wed": "বু",
                  "thu": "বৃ",
                  "fri": "শু",
                  "sat": "শ"
                },
                "short": {
                  "sun": "রঃ",
                  "mon": "সোঃ",
                  "tue": "মঃ",
                  "wed": "বুঃ",
                  "thu": "বৃঃ",
                  "fri": "শুঃ",
                  "sat": "শনি"
                },
                "wide": {
                  "sun": "রবিবার",
                  "mon": "সোমবার",
                  "tue": "মঙ্গলবার",
                  "wed": "বুধবার",
                  "thu": "বৃহষ্পতিবার",
                  "fri": "শুক্রবার",
                  "sat": "শনিবার"
                }
              }
            },
            "quarters": {
              "format": {
                "abbreviated": {
                  "1": "প্র. ত্রৈ. এক. চতুর্থাংশ",
                  "2": "দ্বি.ত্রৈ.এক. চতুর্থাংশ",
                  "3": "তৃ.ত্রৈ.এক.চতুর্থাংশ",
                  "4": "চ.ত্রৈ.এক চতুর্থাংশ"
                },
                "narrow": {
                  "1": "১",
                  "2": "২",
                  "3": "৩",
                  "4": "৪"
                },
                "wide": {
                  "1": "প্রথম ত্রৈমাসিকের এক চতুর্থাংশ",
                  "2": "দ্বিতীয় ত্রৈমাসিকের এক চতুর্থাংশ",
                  "3": "তৃতীয় ত্রৈমাসিকের এক চতুর্থাংশ",
                  "4": "চতুর্থ ত্রৈমাসিকের এক চতুর্থাংশ"
                }
              },
              "stand-alone": {
                "abbreviated": {
                  "1": "প্র.ত্রৈ.এক.চতুর্থাংশ",
                  "2": "দ্বি.ত্রৈ.এক চতুর্থাংশ",
                  "3": "তৃ.ত্রৈ.এক.চতুর্থাংশ",
                  "4": "চ.ত্রৈ.এক.চতুর্থাংশ"
                },
                "narrow": {
                  "1": "১",
                  "2": "২",
                  "3": "৩",
                  "4": "৪"
                },
                "wide": {
                  "1": "প্রথম ত্রৈমাসিকের এক চতুর্থাংশ",
                  "2": "দ্বিতীয় ত্রৈমাসিকের এক চতুর্থাংশ",
                  "3": "তৃতীয় ত্রৈমাসিকের এক চতুর্থাংশ",
                  "4": "চতুর্থ ত্রৈমাসিকের এক চতুর্থাংশ"
                }
              }
            },
            "dayPeriods": {
              "format": {
                "abbreviated": {
                  "am": "পূর্বাহ্ণ",
                  "noon": "দুপুর",
                  "pm": "অপরাহ্ণ"
                },
                "narrow": {
                  "am": "পূর্বাহ্ণ",
                  "noon": "দুপুর",
                  "pm": "অপরাহ্ণ"
                },
                "wide": {
                  "am": "পূর্বাহ্ণ",
                  "noon": "দুপুর",
                  "pm": "অপরাহ্ণ"
                }
              },
              "stand-alone": {
                "abbreviated": {
                  "am": "পূর্বাহ্ণ",
                  "noon": "দুপুর",
                  "pm": "অপরাহ্ণ"
                },
                "narrow": {
                  "am": "পূর্বাহ্ণ",
                  "noon": "দুপুর",
                  "pm": "অপরাহ্ণ"
                },
                "wide": {
                  "am": "পূর্বাহ্ণ",
                  "noon": "দুপুর",
                  "pm": "অপরাহ্ণ"
                }
              }
            },
            "eras": {
              "eraNames": {
                "0": "AP"
              },
              "eraAbbr": {
                "0": "AP"
              },
              "eraNarrow": {
                "0": "AP"
              }
            },
            "dateFormats": {
              "full": "EEEE, d MMMM, y G",
              "long": "d MMMM, y G",
              "medium": "d MMM, y G",
              "short": "d/M/y GGGGG"
            },
            "timeFormats": {
              "full": "h:mm:ss a zzzz",
              "long": "h:mm:ss a z",
              "medium": "h:mm:ss a",
              "short": "h:mm a"
            },
            "dateTimeFormats": {
              "full": "{1} {0}",
              "long": "{1} {0}",
              "medium": "{1} {0}",
              "short": "{1} {0}",
              "availableFormats": {
                "E": "ccc",
                "EHm": "E HH:mm",
                "EHms": "E HH:mm:ss",
                "Ed": "d E",
                "Ehm": "E h:mm a",
                "Ehms": "E h:mm:ss a",
                "Gy": "y G",
                "GyMMM": "MMM y G",
                "GyMMMEd": "E, d MMM, y G",
                "GyMMMd": "d MMM, y G",
                "H": "HH",
                "Hm": "HH:mm",
                "Hms": "HH:mm:ss",
                "M": "L",
                "MEd": "E, d-M",
                "MMM": "LLL",
                "MMMEd": "E d MMM",
                "MMMMEd": "E d MMMM",
                "MMMMd": "d MMMM",
                "MMMd": "d MMM",
                "MMdd": "dd-MM",
                "Md": "d/M",
                "d": "d",
                "h": "h a",
                "hm": "h:mm a",
                "hms": "h:mm:ss a",
                "ms": "mm:ss",
                "y": "y G",
                "yyyy": "y G",
                "yyyyM": "M/y G",
                "yyyyMEd": "E, d/M/y G",
                "yyyyMM": "MM-y G",
                "yyyyMMM": "MMM y G",
                "yyyyMMMEd": "E, d MMM, y G",
                "yyyyMMMM": "MMMM y G",
                "yyyyMMMd": "d MMM, y G",
                "yyyyMd": "d/M/y G",
                "yyyyQQQ": "QQQ y G",
                "yyyyQQQQ": "QQQQ y G"
              },
              "appendItems": {
                "Day": "{0} ({2}: {1})",
                "Day-Of-Week": "{0} {1}",
                "Era": "{1} {0}",
                "Hour": "{0} ({2}: {1})",
                "Minute": "{0} ({2}: {1})",
                "Month": "{0} ({2}: {1})",
                "Quarter": "{0} ({2}: {1})",
                "Second": "{0} ({2}: {1})",
                "Timezone": "{0} {1}",
                "Week": "{0} ({2}: {1})",
                "Year": "{1} {0}"
              },
              "intervalFormats": {
                "intervalFormatFallback": "{0} – {1}",
                "H": {
                  "H": "HH–HH"
                },
                "Hm": {
                  "H": "HH:mm–HH:mm",
                  "m": "HH:mm–HH:mm"
                },
                "Hmv": {
                  "H": "HH:mm–HH:mm v",
                  "m": "HH:mm–HH:mm v"
                },
                "Hv": {
                  "H": "HH–HH v"
                },
                "M": {
                  "M": "M-M"
                },
                "MEd": {
                  "M": "E, d/M – E, d/M",
                  "d": "E, d/M – E, d/M"
                },
                "MMM": {
                  "M": "LLL-LLL"
                },
                "MMMEd": {
                  "M": "E, d MMM – E, d MMM",
                  "d": "E, d MMM – E, d MMM"
                },
                "MMMd": {
                  "M": "d MMM – d MMM",
                  "d": "d–d MMM"
                },
                "Md": {
                  "M": "d/M - d/M",
                  "d": "d/M - d/M"
                },
                "d": {
                  "d": "d-d"
                },
                "h": {
                  "a": "h a – h a",
                  "h": "h–h a"
                },
                "hm": {
                  "a": "h:mm a – h:mm a",
                  "h": "h:mm–h:mm a",
                  "m": "h:mm–h:mm a"
                },
                "hmv": {
                  "a": "h:mm a – h:mm a v",
                  "h": "h:mm–h:mm a v",
                  "m": "h:mm–h:mm a v"
                },
                "hv": {
                  "a": "h a – h a v",
                  "h": "h–h a v"
                },
                "y": {
                  "y": "y-y G"
                },
                "yM": {
                  "M": "M/y – M/y G",
                  "y": "M/y – M/y G"
                },
                "yMEd": {
                  "M": "E, d/M/y – E, d/M/y G",
                  "d": "E, d/M/y – E, d/M/y G",
                  "y": "E, d/M/y – E, d/M/y G"
                },
                "yMMM": {
                  "M": "MMM–MMM y G",
                  "y": "MMM y – MMM y G"
                },
                "yMMMEd": {
                  "M": "E, d MMM – E, d MMM, y G",
                  "d": "E, d MMM – E, d MMM, y G",
                  "y": "E, d MMM, y – E, d MMM, y G"
                },
                "yMMMM": {
                  "M": "MMMM–MMMM y G",
                  "y": "MMMM y – MMMM y G"
                },
                "yMMMd": {
                  "M": "d MMM – d MMM, y G",
                  "d": "d–d MMM, y G",
                  "y": "d MMM, y – d MMM, y G"
                },
                "yMd": {
                  "M": "d/M/y – d/M/y G",
                  "d": "d/M/y – d/M/y G",
                  "y": "d/M/y – d/M/y G"
                }
              }
            }
          }
        }
      }
    }
  }
}
