{
  "main": {
    "as": {
      "identity": {
        "version": {
          "_cldrVersion": "26",
          "_number": "$Revision: 10739 $"
        },
        "generation": {
          "_date": "$Date: 2014-08-07 12:54:13 -0500 (Thu, 07 Aug 2014) $"
        },
        "language": "as"
      },
      "dates": {
        "calendars": {
          "coptic": {
            "months": {
              "format": {
                "abbreviated": {
                  "1": "Tout",
                  "2": "Baba",
                  "3": "Hator",
                  "4": "Kiahk",
                  "5": "Toba",
                  "6": "Amshir",
                  "7": "Baramhat",
                  "8": "Baramouda",
                  "9": "Bashans",
                  "10": "Paona",
                  "11": "Epep",
                  "12": "Mesra",
                  "13": "Nasie"
                },
                "narrow": {
                  "1": "1",
                  "2": "2",
                  "3": "3",
                  "4": "4",
                  "5": "5",
                  "6": "6",
                  "7": "7",
                  "8": "8",
                  "9": "9",
                  "10": "10",
                  "11": "11",
                  "12": "12",
                  "13": "13"
                },
                "wide": {
                  "1": "Tout",
                  "2": "Baba",
                  "3": "Hator",
                  "4": "Kiahk",
                  "5": "Toba",
                  "6": "Amshir",
                  "7": "Baramhat",
                  "8": "Baramouda",
                  "9": "Bashans",
                  "10": "Paona",
                  "11": "Epep",
                  "12": "Mesra",
                  "13": "Nasie"
                }
              },
              "stand-alone": {
                "abbreviated": {
                  "1": "Tout",
                  "2": "Baba",
                  "3": "Hator",
                  "4": "Kiahk",
                  "5": "Toba",
                  "6": "Amshir",
                  "7": "Baramhat",
                  "8": "Baramouda",
                  "9": "Bashans",
                  "10": "Paona",
                  "11": "Epep",
                  "12": "Mesra",
                  "13": "Nasie"
                },
                "narrow": {
                  "1": "1",
                  "2": "2",
                  "3": "3",
                  "4": "4",
                  "5": "5",
                  "6": "6",
                  "7": "7",
                  "8": "8",
                  "9": "9",
                  "10": "10",
                  "11": "11",
                  "12": "12",
                  "13": "13"
                },
                "wide": {
                  "1": "Tout",
                  "2": "Baba",
                  "3": "Hator",
                  "4": "Kiahk",
                  "5": "Toba",
                  "6": "Amshir",
                  "7": "Baramhat",
                  "8": "Baramouda",
                  "9": "Bashans",
                  "10": "Paona",
                  "11": "Epep",
                  "12": "Mesra",
                  "13": "Nasie"
                }
              }
            },
            "days": {
              "format": {
                "abbreviated": {
                  "sun": "ৰবি",
                  "mon": "সোম",
                  "tue": "মঙ্গল",
                  "wed": "বুধ",
                  "thu": "বৃহষ্পতি",
                  "fri": "শুক্ৰ",
                  "sat": "শনি"
                },
                "narrow": {
                  "sun": "S",
                  "mon": "M",
                  "tue": "T",
                  "wed": "W",
                  "thu": "T",
                  "fri": "F",
                  "sat": "S"
                },
                "short": {
                  "sun": "ৰবি",
                  "mon": "সোম",
                  "tue": "মঙ্গল",
                  "wed": "বুধ",
                  "thu": "বৃহষ্পতি",
                  "fri": "শুক্ৰ",
                  "sat": "শনি"
                },
                "wide": {
                  "sun": "দেওবাৰ",
                  "mon": "সোমবাৰ",
                  "tue": "মঙ্গলবাৰ",
                  "wed": "বুধবাৰ",
                  "thu": "বৃহষ্পতিবাৰ",
                  "fri": "শুক্ৰবাৰ",
                  "sat": "শনিবাৰ"
                }
              },
              "stand-alone": {
                "abbreviated": {
                  "sun": "ৰবি",
                  "mon": "সোম",
                  "tue": "মঙ্গল",
                  "wed": "বুধ",
                  "thu": "বৃহষ্পতি",
                  "fri": "শুক্ৰ",
                  "sat": "শনি"
                },
                "narrow": {
                  "sun": "S",
                  "mon": "M",
                  "tue": "T",
                  "wed": "W",
                  "thu": "T",
                  "fri": "F",
                  "sat": "S"
                },
                "short": {
                  "sun": "ৰবি",
                  "mon": "সোম",
                  "tue": "মঙ্গল",
                  "wed": "বুধ",
                  "thu": "বৃহষ্পতি",
                  "fri": "শুক্ৰ",
                  "sat": "শনি"
                },
                "wide": {
                  "sun": "দেওবাৰ",
                  "mon": "সোমবাৰ",
                  "tue": "মঙ্গলবাৰ",
                  "wed": "বুধবাৰ",
                  "thu": "বৃহষ্পতিবাৰ",
                  "fri": "শুক্ৰবাৰ",
                  "sat": "শনিবাৰ"
                }
              }
            },
            "quarters": {
              "format": {
                "abbreviated": {
                  "1": "প্ৰথম প্ৰহৰ",
                  "2": "দ্বিতীয় প্ৰহৰ",
                  "3": "তৃতীয় প্ৰহৰ",
                  "4": "চতুৰ্থ প্ৰহৰ"
                },
                "narrow": {
                  "1": "1",
                  "2": "2",
                  "3": "3",
                  "4": "4"
                },
                "wide": {
                  "1": "প্ৰথম প্ৰহৰ",
                  "2": "দ্বিতীয় প্ৰহৰ",
                  "3": "তৃতীয় প্ৰহৰ",
                  "4": "চতুৰ্থ প্ৰহৰ"
                }
              },
              "stand-alone": {
                "abbreviated": {
                  "1": "প্ৰথম প্ৰহৰ",
                  "2": "দ্বিতীয় প্ৰহৰ",
                  "3": "তৃতীয় প্ৰহৰ",
                  "4": "চতুৰ্থ প্ৰহৰ"
                },
                "narrow": {
                  "1": "1",
                  "2": "2",
                  "3": "3",
                  "4": "4"
                },
                "wide": {
                  "1": "প্ৰথম প্ৰহৰ",
                  "2": "দ্বিতীয় প্ৰহৰ",
                  "3": "তৃতীয় প্ৰহৰ",
                  "4": "চতুৰ্থ প্ৰহৰ"
                }
              }
            },
            "dayPeriods": {
              "format": {
                "abbreviated": {
                  "am": "পূৰ্বাহ্ণ",
                  "noon": "noon",
                  "pm": "অপৰাহ্ণ"
                },
                "narrow": {
                  "am": "a",
                  "noon": "n",
                  "pm": "p"
                },
                "wide": {
                  "am": "পূৰ্বাহ্ণ",
                  "noon": "noon",
                  "pm": "অপৰাহ্ণ"
                }
              },
              "stand-alone": {
                "abbreviated": {
                  "am": "পূৰ্বাহ্ণ",
                  "noon": "noon",
                  "pm": "অপৰাহ্ণ"
                },
                "narrow": {
                  "am": "a",
                  "noon": "n",
                  "pm": "p"
                },
                "wide": {
                  "am": "পূৰ্বাহ্ণ",
                  "noon": "noon",
                  "pm": "অপৰাহ্ণ"
                }
              }
            },
            "eras": {
              "eraNames": {
                "0": "ERA0",
                "1": "ERA1"
              },
              "eraAbbr": {
                "0": "ERA0",
                "1": "ERA1"
              },
              "eraNarrow": {
                "0": "ERA0",
                "1": "ERA1"
              }
            },
            "dateFormats": {
              "full": "EEEE, d MMMM, y G",
              "long": "d MMMM, y G",
              "medium": "dd-MM-y G",
              "short": "d-M-y GGGGG"
            },
            "timeFormats": {
              "full": "h.mm.ss a zzzz",
              "long": "h.mm.ss a z",
              "medium": "h.mm.ss a",
              "short": "h.mm. a"
            },
            "dateTimeFormats": {
              "full": "{1} {0}",
              "long": "{1} {0}",
              "medium": "{1} {0}",
              "short": "{1} {0}",
              "availableFormats": {
                "E": "ccc",
                "EHm": "E HH:mm",
                "EHms": "E HH:mm:ss",
                "Ed": "d, E",
                "Ehm": "E h:mm a",
                "Ehms": "E h:mm:ss a",
                "Gy": "G y",
                "GyMMM": "G y MMM",
                "GyMMMEd": "G y MMM d, E",
                "GyMMMd": "G y MMM d",
                "H": "HH",
                "Hm": "HH:mm",
                "Hms": "HH:mm:ss",
                "M": "L",
                "MEd": "MM-dd, E",
                "MMM": "LLL",
                "MMMEd": "MMM d, E",
                "MMMd": "MMM d",
                "Md": "MM-dd",
                "d": "d",
                "h": "h a",
                "hm": "h:mm a",
                "hms": "h:mm:ss a",
                "ms": "mm:ss",
                "y": "G y",
                "yyyy": "G y",
                "yyyyM": "GGGGG y-MM",
                "yyyyMEd": "GGGGG y-MM-dd, E",
                "yyyyMMM": "G y MMM",
                "yyyyMMMEd": "G y MMM d, E",
                "yyyyMMMd": "G y MMM d",
                "yyyyMd": "GGGGG y-MM-dd",
                "yyyyQQQ": "G y QQQ",
                "yyyyQQQQ": "G y QQQQ"
              },
              "appendItems": {
                "Day": "{0} ({2}: {1})",
                "Day-Of-Week": "{0} {1}",
                "Era": "{1} {0}",
                "Hour": "{0} ({2}: {1})",
                "Minute": "{0} ({2}: {1})",
                "Month": "{0} ({2}: {1})",
                "Quarter": "{0} ({2}: {1})",
                "Second": "{0} ({2}: {1})",
                "Timezone": "{0} {1}",
                "Week": "{0} ({2}: {1})",
                "Year": "{1} {0}"
              },
              "intervalFormats": {
                "intervalFormatFallback": "{0} – {1}",
                "H": {
                  "H": "HH–HH"
                },
                "Hm": {
                  "H": "HH:mm–HH:mm",
                  "m": "HH:mm–HH:mm"
                },
                "Hmv": {
                  "H": "HH:mm–HH:mm v",
                  "m": "HH:mm–HH:mm v"
                },
                "Hv": {
                  "H": "HH–HH v"
                },
                "M": {
                  "M": "MM–MM"
                },
                "MEd": {
                  "M": "MM-dd, E – MM-dd, E",
                  "d": "MM-dd, E – MM-dd, E"
                },
                "MMM": {
                  "M": "LLL–LLL"
                },
                "MMMEd": {
                  "M": "MMM d, E – MMM d, E",
                  "d": "MMM d, E – MMM d, E"
                },
                "MMMd": {
                  "M": "MMM d – MMM d",
                  "d": "MMM d–d"
                },
                "Md": {
                  "M": "MM-dd – MM-dd",
                  "d": "MM-dd – MM-dd"
                },
                "d": {
                  "d": "d–d"
                },
                "h": {
                  "a": "h a – h a",
                  "h": "h–h a"
                },
                "hm": {
                  "a": "h:mm a – h:mm a",
                  "h": "h:mm–h:mm a",
                  "m": "h:mm–h:mm a"
                },
                "hmv": {
                  "a": "h:mm a – h:mm a v",
                  "h": "h:mm–h:mm a v",
                  "m": "h:mm–h:mm a v"
                },
                "hv": {
                  "a": "h a – h a v",
                  "h": "h–h a v"
                },
                "y": {
                  "y": "G y–y"
                },
                "yM": {
                  "M": "GGGGG y-MM – y-MM",
                  "y": "GGGGG y-MM – y-MM"
                },
                "yMEd": {
                  "M": "GGGGG y-MM-dd, E – y-MM-dd, E",
                  "d": "GGGGG y-MM-dd, E – y-MM-dd, E",
                  "y": "GGGGG y-MM-dd, E – y-MM-dd, E"
                },
                "yMMM": {
                  "M": "G y MMM–MMM",
                  "y": "G y MMM – y MMM"
                },
                "yMMMEd": {
                  "M": "G y MMM d, E – MMM d, E",
                  "d": "G y MMM d, E – MMM d, E",
                  "y": "G y MMM d, E – y MMM d, E"
                },
                "yMMMM": {
                  "M": "G y MMMM–MMMM",
                  "y": "G y MMMM – y MMMM"
                },
                "yMMMd": {
                  "M": "G y MMM d – MMM d",
                  "d": "G y MMM d–d",
                  "y": "G y MMM d – y MMM d"
                },
                "yMd": {
                  "M": "GGGGG y-MM-dd – y-MM-dd",
                  "d": "GGGGG y-MM-dd – y-MM-dd",
                  "y": "GGGGG y-MM-dd – y-MM-dd"
                }
              }
            }
          }
        }
      }
    }
  }
}
