{
  "main": {
    "as": {
      "identity": {
        "version": {
          "_cldrVersion": "26",
          "_number": "$Revision: 10739 $"
        },
        "generation": {
          "_date": "$Date: 2014-08-07 12:54:13 -0500 (Thu, 07 Aug 2014) $"
        },
        "language": "as"
      },
      "characters": {
        "exemplarCharacters": "[অ আ ই ঈ উ ঊ ঋ এ ঐ ও ঔ ং \u0981 ঃ ক খ গ ঘ ঙ চ ছ জ ঝ ঞ ট ঠ ড {ড\u09BC}ড় ঢ {ঢ\u09BC}ঢ় ণ ত থ দ ধ ন প ফ ব ভ ম য {য\u09BC} ৰ ল ৱ শ ষ স হ {ক\u09CDষ} া ি ী \u09C1 \u09C2 \u09C3 ে ৈ ো ৌ \u09CD]",
        "auxiliary": "[\u200C\u200D ৲]",
        "punctuation": "[\\- , ; \\: ! ? . ( ) \\[ \\] \\{ \\}]",
        "index": "[অ আ ই ঈ উ ঊ ঋ ৠ ঌ ৡ এ ঐ ও ঔ ক খ গ ঘ ঙ চ ছ জ ঝ ঞ ট ঠ ড ঢ ণ ৎ ত থ দ ধ ন প ফ ব ভ ম য ৰ ল ৱ শ ষ স হ ঽ]",
        "ellipsis": {
          "initial": "…{0}",
          "medial": "{0}…{1}",
          "final": "{0}…",
          "word-initial": "… {0}",
          "word-medial": "{0} … {1}",
          "word-final": "{0} …"
        },
        "moreInformation": "?"
      }
    }
  }
}
