{
  "main": {
    "az": {
      "identity": {
        "version": {
          "_cldrVersion": "26",
          "_number": "$Revision: 10809 $"
        },
        "generation": {
          "_date": "$Date: 2014-08-14 15:10:07 -0500 (Thu, 14 Aug 2014) $"
        },
        "language": "az"
      },
      "dates": {
        "calendars": {
          "roc": {
            "months": {
              "format": {
                "abbreviated": {
                  "1": "yan",
                  "2": "fev",
                  "3": "mar",
                  "4": "apr",
                  "5": "may",
                  "6": "iyn",
                  "7": "iyl",
                  "8": "avq",
                  "9": "sen",
                  "10": "okt",
                  "11": "noy",
                  "12": "dek"
                },
                "narrow": {
                  "1": "1",
                  "2": "2",
                  "3": "3",
                  "4": "4",
                  "5": "5",
                  "6": "6",
                  "7": "7",
                  "8": "8",
                  "9": "9",
                  "10": "10",
                  "11": "11",
                  "12": "12"
                },
                "wide": {
                  "1": "yanvar",
                  "2": "fevral",
                  "3": "mart",
                  "4": "aprel",
                  "5": "may",
                  "6": "iyun",
                  "7": "iyul",
                  "8": "avqust",
                  "9": "sentyabr",
                  "10": "oktyabr",
                  "11": "noyabr",
                  "12": "dekabr"
                }
              },
              "stand-alone": {
                "abbreviated": {
                  "1": "yan",
                  "2": "fev",
                  "3": "mar",
                  "4": "apr",
                  "5": "may",
                  "6": "iyn",
                  "7": "iyl",
                  "8": "avq",
                  "9": "sen",
                  "10": "okt",
                  "11": "noy",
                  "12": "dek"
                },
                "narrow": {
                  "1": "1",
                  "2": "2",
                  "3": "3",
                  "4": "4",
                  "5": "5",
                  "6": "6",
                  "7": "7",
                  "8": "8",
                  "9": "9",
                  "10": "10",
                  "11": "11",
                  "12": "12"
                },
                "wide": {
                  "1": "Yanvar",
                  "2": "Fevral",
                  "3": "Mart",
                  "4": "Aprel",
                  "5": "May",
                  "6": "İyun",
                  "7": "İyul",
                  "8": "Avqust",
                  "9": "Sentyabr",
                  "10": "Oktyabr",
                  "11": "Noyabr",
                  "12": "Dekabr"
                }
              }
            },
            "days": {
              "format": {
                "abbreviated": {
                  "sun": "B.",
                  "mon": "B.E.",
                  "tue": "Ç.A.",
                  "wed": "Ç.",
                  "thu": "C.A.",
                  "fri": "C.",
                  "sat": "Ş."
                },
                "narrow": {
                  "sun": "7",
                  "mon": "1",
                  "tue": "2",
                  "wed": "3",
                  "thu": "4",
                  "fri": "5",
                  "sat": "6"
                },
                "short": {
                  "sun": "B.",
                  "mon": "B.E.",
                  "tue": "Ç.A.",
                  "wed": "Ç.",
                  "thu": "C.A.",
                  "fri": "C.",
                  "sat": "Ş."
                },
                "wide": {
                  "sun": "bazar",
                  "mon": "bazar ertəsi",
                  "tue": "çərşənbə axşamı",
                  "wed": "çərşənbə",
                  "thu": "cümə axşamı",
                  "fri": "cümə",
                  "sat": "şənbə"
                }
              },
              "stand-alone": {
                "abbreviated": {
                  "sun": "B.",
                  "mon": "B.E.",
                  "tue": "Ç.A.",
                  "wed": "Ç.",
                  "thu": "C.A.",
                  "fri": "C.",
                  "sat": "Ş."
                },
                "narrow": {
                  "sun": "7",
                  "mon": "1",
                  "tue": "2",
                  "wed": "3",
                  "thu": "4",
                  "fri": "5",
                  "sat": "6"
                },
                "short": {
                  "sun": "B.",
                  "mon": "B.E.",
                  "tue": "Ç.A.",
                  "wed": "Ç.",
                  "thu": "C.A.",
                  "fri": "C.",
                  "sat": "Ş."
                },
                "wide": {
                  "sun": "bazar",
                  "mon": "bazar ertəsi",
                  "tue": "çərşənbə axşamı",
                  "wed": "çərşənbə",
                  "thu": "cümə axşamı",
                  "fri": "cümə",
                  "sat": "şənbə"
                }
              }
            },
            "quarters": {
              "format": {
                "abbreviated": {
                  "1": "1-ci kv.",
                  "2": "2-ci kv.",
                  "3": "3-cü kv.",
                  "4": "4-cü kv."
                },
                "narrow": {
                  "1": "1",
                  "2": "2",
                  "3": "3",
                  "4": "4"
                },
                "wide": {
                  "1": "1-ci kvartal",
                  "2": "2-ci kvartal",
                  "3": "3-cü kvartal",
                  "4": "4-cü kvartal"
                }
              },
              "stand-alone": {
                "abbreviated": {
                  "1": "1-ci kv.",
                  "2": "2-ci kv.",
                  "3": "3-cü kv.",
                  "4": "4-cü kv."
                },
                "narrow": {
                  "1": "1",
                  "2": "2",
                  "3": "3",
                  "4": "4"
                },
                "wide": {
                  "1": "1-ci kvartal",
                  "2": "2-ci kvartal",
                  "3": "3-cü kvartal",
                  "4": "4-cü kvartal"
                }
              }
            },
            "dayPeriods": {
              "format": {
                "abbreviated": {
                  "am": "AM",
                  "noon": "günorta",
                  "pm": "PM"
                },
                "narrow": {
                  "am": "a",
                  "noon": "g",
                  "pm": "p"
                },
                "wide": {
                  "am": "AM",
                  "noon": "günorta",
                  "pm": "PM"
                }
              },
              "stand-alone": {
                "abbreviated": {
                  "am": "AM",
                  "noon": "günorta",
                  "pm": "PM"
                },
                "narrow": {
                  "am": "a",
                  "noon": "g",
                  "pm": "p"
                },
                "wide": {
                  "am": "AM",
                  "noon": "günorta",
                  "pm": "PM"
                }
              }
            },
            "eras": {
              "eraNames": {
                "0": "Before R.O.C.",
                "1": "R.O.C."
              },
              "eraAbbr": {
                "0": "Before R.O.C.",
                "1": "R.O.C."
              },
              "eraNarrow": {
                "0": "Before R.O.C.",
                "1": "R.O.C."
              }
            },
            "dateFormats": {
              "full": "G d MMMM y, EEEE",
              "long": "G d MMMM, y",
              "medium": "G d MMM y",
              "short": "GGGGG dd.MM.y"
            },
            "timeFormats": {
              "full": "HH:mm:ss zzzz",
              "long": "HH:mm:ss z",
              "medium": "HH:mm:ss",
              "short": "HH:mm"
            },
            "dateTimeFormats": {
              "full": "{1} {0}",
              "long": "{1} {0}",
              "medium": "{1} {0}",
              "short": "{1} {0}",
              "availableFormats": {
                "E": "ccc",
                "EHm": "E HH:mm",
                "EHms": "E HH:mm:ss",
                "Ed": "d, E",
                "Ehm": "E h:mm a",
                "Ehms": "E h:mm:ss a",
                "Gy": "G y",
                "GyMMM": "G MMM y",
                "GyMMMEd": "G d MMM y, E",
                "GyMMMd": "G d MMM y",
                "H": "HH",
                "Hm": "HH:mm",
                "Hms": "HH:mm:ss",
                "M": "L",
                "MEd": "dd.MM, E",
                "MMM": "LLL",
                "MMMEd": "d MMM, E",
                "MMMd": "d MMM",
                "Md": "dd.MM",
                "d": "d",
                "h": "h a",
                "hm": "h:mm a",
                "hms": "h:mm:ss a",
                "ms": "mm:ss",
                "y": "G y",
                "yyyy": "G y",
                "yyyyM": "GGGGG MM y",
                "yyyyMEd": "GGGGG dd.MM.y, E",
                "yyyyMMM": "G MMM y",
                "yyyyMMMEd": "G d MMM y, E",
                "yyyyMMMd": "G d MMM y",
                "yyyyMd": "GGGGG dd.MM.y",
                "yyyyQQQ": "G y QQQ",
                "yyyyQQQQ": "G y QQQQ"
              },
              "appendItems": {
                "Day": "{0} ({2}: {1})",
                "Day-Of-Week": "{0} {1}",
                "Era": "{1} {0}",
                "Hour": "{0} ({2}: {1})",
                "Minute": "{0} ({2}: {1})",
                "Month": "{0} ({2}: {1})",
                "Quarter": "{0} ({2}: {1})",
                "Second": "{0} ({2}: {1})",
                "Timezone": "{0} {1}",
                "Week": "{0} ({2}: {1})",
                "Year": "{1} {0}"
              },
              "intervalFormats": {
                "intervalFormatFallback": "{0} – {1}",
                "H": {
                  "H": "HH–HH"
                },
                "Hm": {
                  "H": "HH:mm–HH:mm",
                  "m": "HH:mm–HH:mm"
                },
                "Hmv": {
                  "H": "HH:mm–HH:mm v",
                  "m": "HH:mm–HH:mm v"
                },
                "Hv": {
                  "H": "HH–HH v"
                },
                "M": {
                  "M": "MM–MM"
                },
                "MEd": {
                  "M": "dd.MM, E – dd.MM, E",
                  "d": "dd.MM, E – dd.MM, E"
                },
                "MMM": {
                  "M": "LLL–LLL"
                },
                "MMMEd": {
                  "M": "MMM d, E – MMM d, E",
                  "d": "MMM d, E – MMM d, E"
                },
                "MMMd": {
                  "M": "MMM d – MMM d",
                  "d": "MMM d–d"
                },
                "Md": {
                  "M": "dd.MM – dd.MM",
                  "d": "dd.MM – dd.MM"
                },
                "d": {
                  "d": "d–d"
                },
                "h": {
                  "a": "h a – h a",
                  "h": "h–h a"
                },
                "hm": {
                  "a": "h:mm a – h:mm a",
                  "h": "h:mm–h:mm a",
                  "m": "h:mm–h:mm a"
                },
                "hmv": {
                  "a": "h:mm a – h:mm a v",
                  "h": "h:mm–h:mm a v",
                  "m": "h:mm–h:mm a v"
                },
                "hv": {
                  "a": "h a – h a v",
                  "h": "h–h a v"
                },
                "y": {
                  "y": "G y–y"
                },
                "yM": {
                  "M": "GGGGG MM/y – MM/y",
                  "y": "GGGGG MM/y – MM/y"
                },
                "yMEd": {
                  "M": "GGGGG dd/MM/y , E – dd/MM/y, E",
                  "d": "GGGGG dd/MM/y , E – dd/MM/y, E",
                  "y": "GGGGG dd/MM/y , E – dd/MM/y, E"
                },
                "yMMM": {
                  "M": "G MMM–MMM y",
                  "y": "G MMM y – MMM y"
                },
                "yMMMEd": {
                  "M": "G d MMM y, E – d MMM, E",
                  "d": "G d MMM y, E – d MMM, E",
                  "y": "G d MMM y, E – d MMM y, E"
                },
                "yMMMM": {
                  "M": "G MMMM y –MMMM",
                  "y": "G MMMM y – MMMM y"
                },
                "yMMMd": {
                  "M": "G d MMM y – d MMM",
                  "d": "G d–d MMM y",
                  "y": "G d MMM y – d MMM y"
                },
                "yMd": {
                  "M": "GGGGG dd/MM/y – dd/MM/y",
                  "d": "GGGGG dd/MM/y – dd/MM/y",
                  "y": "GGGGG dd/MM/y – dd/MM/y"
                }
              }
            }
          }
        }
      }
    }
  }
}
