{
  "main": {
    "az": {
      "identity": {
        "version": {
          "_cldrVersion": "26",
          "_number": "$Revision: 10809 $"
        },
        "generation": {
          "_date": "$Date: 2014-08-14 15:10:07 -0500 (Thu, 14 Aug 2014) $"
        },
        "language": "az"
      },
      "characters": {
        "exemplarCharacters": "[a b c ç d e ə f g ğ h x ı i İ j k q l m n o ö p r s ş t u ü v y z]",
        "auxiliary": "[w]",
        "punctuation": "[\\- ‐ – — , ; \\: ! ? . … ' ‘ ’ \" “ ” ( ) \\[ \\] § @ * / \\& # † ‡ ′ ″]",
        "index": "[A B C Ç D E Ə F G Ğ H X I İ J K Q L M N O Ö P R S Ş T U Ü V Y Z W]",
        "ellipsis": {
          "initial": "…{0}",
          "medial": "{0}…{1}",
          "final": "{0}…",
          "word-initial": "… {0}",
          "word-medial": "{0} … {1}",
          "word-final": "{0} …"
        },
        "moreInformation": "?"
      }
    }
  }
}
