{
  "main": {
    "az": {
      "identity": {
        "version": {
          "_cldrVersion": "26",
          "_number": "$Revision: 10809 $"
        },
        "generation": {
          "_date": "$Date: 2014-08-14 15:10:07 -0500 (Thu, 14 Aug 2014) $"
        },
        "language": "az"
      },
      "localeDisplayNames": {
        "localeDisplayPattern": {
          "localePattern": "{0} ({1})",
          "localeSeparator": "{0}, {1}",
          "localeKeyTypePattern": "{0}: {1}"
        },
        "keys": {
          "calendar": "Təqvim",
          "collation": "Çeşidləmə",
          "currency": "Valyuta",
          "numbers": "Rəqəmlər"
        },
        "types": {
          "numbers": {
            "arab": "Ərəb-Hind Rəqəmləri",
            "arabext": "Genişlənmiş Ərəb-Hind Rəqəmləri",
            "armn": "Erməni Rəqəmləri",
            "armnlow": "Kiçik Erməni Rəqəmləri",
            "bali": "bali",
            "beng": "Benqal Rəqəmləri"
          },
          "collation": {
            "big5han": "big5han"
          },
          "numbers": {
            "brah": "brah"
          },
          "calendar": {
            "buddhist": "Buddist Təqvimi"
          },
          "numbers": {
            "cakm": "cakm",
            "cham": "cham"
          },
          "calendar": {
            "chinese": "Çin Təqvimi",
            "coptic": "coptic",
            "dangi": "Dangi Təqvimi"
          },
          "numbers": {
            "deva": "Devanaqari Rəqəmləri"
          },
          "collation": {
            "dictionary": "dictionary",
            "ducet": "Defolt Unicode Çeşidləmə",
            "eor": "eor"
          },
          "numbers": {
            "ethi": "Efiop Rəqəmləri"
          },
          "calendar": {
            "ethiopic": "Efiop Təqvimi",
            "ethiopic-amete-alem": "ethiopic-amete-alem"
          },
          "numbers": {
            "fullwide": "Tam Geniş Rəqəmlər"
          },
          "collation": {
            "gb2312han": "gb2312han"
          },
          "numbers": {
            "geor": "Gürcü Rəqəmləri"
          },
          "calendar": {
            "gregorian": "Qreqorian Təqvimi"
          },
          "numbers": {
            "grek": "Yunan Rəqəmləri",
            "greklow": "Kiçik Yunan Rəqəmləri",
            "gujr": "Qucarat Rəqəmləri",
            "guru": "Qurmuxi Rəqəmləri",
            "hanidec": "Onluq Çin Rəqəmləri",
            "hans": "Sadələşmiş Çin Rəqəmləri",
            "hansfin": "Sadələşmiş Çin Maliyyə Rəqəmləri",
            "hant": "Ənənəvi Çin Rəqəmləri",
            "hantfin": "Ənənəvi Çin Maliyyə Rəqəmləri",
            "hebr": "İvrit Rəqəmləri"
          },
          "calendar": {
            "hebrew": "Yəhudi Təqvimi",
            "indian": "Hindi təqvimi",
            "islamic": "İslam Təqvimi",
            "islamic-civil": "Ivrit təqvimi",
            "islamic-rgsa": "islamic-rgsa",
            "islamic-tbla": "islamic-tbla",
            "islamic-umalqura": "islamic-umalqura",
            "iso8601": "ISO-8601 Təqvimi",
            "japanese": "Yapon Təqvimi"
          },
          "numbers": {
            "java": "java",
            "jpan": "Yapon Rəqəmləri",
            "jpanfin": "Yapon Maliyyə Rəqəmləri",
            "kali": "kali",
            "khmr": "Kxmer Rəqəmləri",
            "knda": "Kannada Rəqəmləri",
            "lana": "lana",
            "lanatham": "lanatham",
            "laoo": "Lao Rəqəmləri",
            "latn": "Qərb Rəqəmləri",
            "lepc": "lepc",
            "limb": "limb",
            "mlym": "Malayalam Rəqəmləri",
            "mong": "mong",
            "mtei": "mtei",
            "mymr": "Myanma Rəqəmləri",
            "mymrshan": "mymrshan",
            "nkoo": "nkoo",
            "olck": "olck",
            "orya": "Oriya Rəqəmləri",
            "osma": "osma"
          },
          "calendar": {
            "persian": "İran Təqvimi"
          },
          "collation": {
            "phonebook": "phonebook",
            "pinyin": "Pinyin təqvimi",
            "reformed": "reformed"
          },
          "calendar": {
            "roc": "Minquo Təqvimi"
          },
          "numbers": {
            "roman": "Rum Rəqəmləri",
            "romanlow": "Kiçik Rum Rəqəmləri",
            "saur": "saur"
          },
          "collation": {
            "search": "Ümumi Məqsədli Axtarış",
            "searchjl": "searchjl"
          },
          "numbers": {
            "shrd": "shrd",
            "sora": "sora"
          },
          "collation": {
            "standard": "Standart Çeşidləmə",
            "stroke": "stroke"
          },
          "numbers": {
            "sund": "sund",
            "takr": "takr",
            "talu": "talu",
            "taml": "Ənənəvi Tamil Rəqəmləri",
            "tamldec": "Tamil Rəqəmləri",
            "telu": "Teluqu Rəqəmləri",
            "thai": "Tay Rəqəmləri",
            "tibt": "Tibet Rəqəmləri"
          },
          "collation": {
            "traditional": "traditional",
            "unihan": "unihan"
          },
          "numbers": {
            "vaii": "vaii"
          },
          "collation": {
            "zhuyin": "zhuyin"
          }
        },
        "codePatterns": {
          "language": "Dil: {0}",
          "script": "Skript: {0}",
          "territory": "Region: {0}"
        }
      }
    }
  }
}
