{
  "main": {
    "bg-BG": {
      "identity": {
        "version": {
          "_cldrVersion": "26",
          "_number": "$Revision: 10669 $"
        },
        "generation": {
          "_date": "$Date: 2014-07-23 16:10:33 -0500 (Wed, 23 Jul 2014) $"
        },
        "language": "bg",
        "territory": "BG"
      },
      "units": {
        "long": {
          "per": {
            "compoundUnitPattern": "{0} в {1}"
          },
          "acceleration-g-force": {
            "displayName": "G",
            "unitPattern-count-one": "{0} G",
            "unitPattern-count-other": "{0} G"
          },
          "acceleration-meter-per-second-squared": {
            "displayName": "метри за секунда на квадрат",
            "unitPattern-count-one": "{0} метър за секунда на квадрат",
            "unitPattern-count-other": "{0} метра за секунда на квадрат"
          },
          "angle-arc-minute": {
            "displayName": "дъгови минути",
            "unitPattern-count-one": "{0} дъгова минута",
            "unitPattern-count-other": "{0} дъгови минути"
          },
          "angle-arc-second": {
            "displayName": "дъгови секунди",
            "unitPattern-count-one": "{0} дъгова секунда",
            "unitPattern-count-other": "{0} дъгови секунди"
          },
          "angle-degree": {
            "displayName": "градуси",
            "unitPattern-count-one": "{0} градус",
            "unitPattern-count-other": "{0} градуса"
          },
          "angle-radian": {
            "displayName": "радиани",
            "unitPattern-count-one": "{0} радиан",
            "unitPattern-count-other": "{0} радиана"
          },
          "area-acre": {
            "displayName": "акри",
            "unitPattern-count-one": "{0} акър",
            "unitPattern-count-other": "{0} акра"
          },
          "area-hectare": {
            "displayName": "хектари",
            "unitPattern-count-one": "{0} хектар",
            "unitPattern-count-other": "{0} хектара"
          },
          "area-square-centimeter": {
            "displayName": "квадратни сантиметри",
            "unitPattern-count-one": "{0} квадратен сантиметър",
            "unitPattern-count-other": "{0} квадратни сантиметра"
          },
          "area-square-foot": {
            "displayName": "квадратни футове",
            "unitPattern-count-one": "{0} квадратен фут",
            "unitPattern-count-other": "{0} квадратни фута"
          },
          "area-square-inch": {
            "displayName": "квадратни инчове",
            "unitPattern-count-one": "{0} квадратен инч",
            "unitPattern-count-other": "{0} квадратни инча"
          },
          "area-square-kilometer": {
            "displayName": "квадратни километри",
            "unitPattern-count-one": "{0} квадратен километър",
            "unitPattern-count-other": "{0} квадратни километра"
          },
          "area-square-meter": {
            "displayName": "квадратни метри",
            "unitPattern-count-one": "{0} квадратен метър",
            "unitPattern-count-other": "{0} квадратни метра"
          },
          "area-square-mile": {
            "displayName": "квадратни мили",
            "unitPattern-count-one": "{0} квадратна миля",
            "unitPattern-count-other": "{0} квадратни мили"
          },
          "area-square-yard": {
            "displayName": "квадратни ярдове",
            "unitPattern-count-one": "{0} квадратен ярд",
            "unitPattern-count-other": "{0} квадратни ярда"
          },
          "consumption-liter-per-kilometer": {
            "displayName": "литри на километър",
            "unitPattern-count-one": "{0} литър на километър",
            "unitPattern-count-other": "{0} литра на километър"
          },
          "consumption-mile-per-gallon": {
            "displayName": "мили с един галон",
            "unitPattern-count-one": "{0} миля с един галон",
            "unitPattern-count-other": "{0} мили с един галон"
          },
          "digital-bit": {
            "displayName": "битове",
            "unitPattern-count-one": "{0} бит",
            "unitPattern-count-other": "{0} бита"
          },
          "digital-byte": {
            "displayName": "байтове",
            "unitPattern-count-one": "{0} байт",
            "unitPattern-count-other": "{0} байта"
          },
          "digital-gigabit": {
            "displayName": "гигабити",
            "unitPattern-count-one": "{0} гигабит",
            "unitPattern-count-other": "{0} гигабита"
          },
          "digital-gigabyte": {
            "displayName": "гигабайти",
            "unitPattern-count-one": "{0} гигабайт",
            "unitPattern-count-other": "{0} гигабайта"
          },
          "digital-kilobit": {
            "displayName": "килобитове",
            "unitPattern-count-one": "{0} килобит",
            "unitPattern-count-other": "{0} килобита"
          },
          "digital-kilobyte": {
            "displayName": "килобайтове",
            "unitPattern-count-one": "{0} килобайт",
            "unitPattern-count-other": "{0} килобайта"
          },
          "digital-megabit": {
            "displayName": "мегабитове",
            "unitPattern-count-one": "{0} мегабит",
            "unitPattern-count-other": "{0} мегабита"
          },
          "digital-megabyte": {
            "displayName": "мегабайти",
            "unitPattern-count-one": "{0} мегабайт",
            "unitPattern-count-other": "{0} мегабайта"
          },
          "digital-terabit": {
            "displayName": "терабитове",
            "unitPattern-count-one": "{0} терабит",
            "unitPattern-count-other": "{0} терабита"
          },
          "digital-terabyte": {
            "displayName": "терабайтове",
            "unitPattern-count-one": "{0} терабайт",
            "unitPattern-count-other": "{0} терабайта"
          },
          "duration-day": {
            "displayName": "дни",
            "unitPattern-count-one": "{0} ден",
            "unitPattern-count-other": "{0} дни"
          },
          "duration-hour": {
            "displayName": "часове",
            "unitPattern-count-one": "{0} час",
            "unitPattern-count-other": "{0} часа",
            "perUnitPattern": "{0} за час"
          },
          "duration-microsecond": {
            "displayName": "микросекунди",
            "unitPattern-count-one": "{0} микросекунда",
            "unitPattern-count-other": "{0} микросекунди"
          },
          "duration-millisecond": {
            "displayName": "милисекунди",
            "unitPattern-count-one": "{0} милисекунда",
            "unitPattern-count-other": "{0} милисекунди"
          },
          "duration-minute": {
            "displayName": "минути",
            "unitPattern-count-one": "{0} минута",
            "unitPattern-count-other": "{0} минути"
          },
          "duration-month": {
            "displayName": "месеци",
            "unitPattern-count-one": "{0} месец",
            "unitPattern-count-other": "{0} месеца"
          },
          "duration-nanosecond": {
            "displayName": "наносекунди",
            "unitPattern-count-one": "{0} наносекунда",
            "unitPattern-count-other": "{0} наносекунди"
          },
          "duration-second": {
            "displayName": "секунди",
            "unitPattern-count-one": "{0} секунда",
            "unitPattern-count-other": "{0} секунди",
            "perUnitPattern": "{0} за секунда"
          },
          "duration-week": {
            "displayName": "седмици",
            "unitPattern-count-one": "{0} седмица",
            "unitPattern-count-other": "{0} седмици"
          },
          "duration-year": {
            "displayName": "години",
            "unitPattern-count-one": "{0} година",
            "unitPattern-count-other": "{0} години"
          },
          "electric-ampere": {
            "displayName": "ампери",
            "unitPattern-count-one": "{0} ампер",
            "unitPattern-count-other": "{0} ампера"
          },
          "electric-milliampere": {
            "displayName": "милиампери",
            "unitPattern-count-one": "{0} милиампер",
            "unitPattern-count-other": "{0} милиампера"
          },
          "electric-ohm": {
            "displayName": "омове",
            "unitPattern-count-one": "{0} ом",
            "unitPattern-count-other": "{0} ома"
          },
          "electric-volt": {
            "displayName": "волтове",
            "unitPattern-count-one": "{0} волт",
            "unitPattern-count-other": "{0} волта"
          },
          "energy-calorie": {
            "displayName": "калории",
            "unitPattern-count-one": "{0} калория",
            "unitPattern-count-other": "{0} калории"
          },
          "energy-foodcalorie": {
            "displayName": "калории",
            "unitPattern-count-one": "{0} калория",
            "unitPattern-count-other": "{0} калории"
          },
          "energy-joule": {
            "displayName": "джаули",
            "unitPattern-count-one": "{0} джаул",
            "unitPattern-count-other": "{0} джаула"
          },
          "energy-kilocalorie": {
            "displayName": "килокалории",
            "unitPattern-count-one": "{0} килокалория",
            "unitPattern-count-other": "{0} килокалории"
          },
          "energy-kilojoule": {
            "displayName": "килоджаули",
            "unitPattern-count-one": "{0} килоджаул",
            "unitPattern-count-other": "{0} килоджаула"
          },
          "energy-kilowatt-hour": {
            "displayName": "киловатчаси",
            "unitPattern-count-one": "{0} киловатчас",
            "unitPattern-count-other": "{0} киловатчаса"
          },
          "frequency-gigahertz": {
            "displayName": "гигахерци",
            "unitPattern-count-one": "{0} гигахерц",
            "unitPattern-count-other": "{0} гигахерца"
          },
          "frequency-hertz": {
            "displayName": "херцове",
            "unitPattern-count-one": "{0} херц",
            "unitPattern-count-other": "{0} херца"
          },
          "frequency-kilohertz": {
            "displayName": "килохерци",
            "unitPattern-count-one": "{0} килохерц",
            "unitPattern-count-other": "{0} килохерца"
          },
          "frequency-megahertz": {
            "displayName": "мегахерци",
            "unitPattern-count-one": "{0} мегахерц",
            "unitPattern-count-other": "{0} мегахерца"
          },
          "length-astronomical-unit": {
            "displayName": "астрономически единици",
            "unitPattern-count-one": "{0} астрономическа единица",
            "unitPattern-count-other": "{0} астрономически единици"
          },
          "length-centimeter": {
            "displayName": "сантиметри",
            "unitPattern-count-one": "{0} сантиметър",
            "unitPattern-count-other": "{0} сантиметра"
          },
          "length-decimeter": {
            "displayName": "дециметри",
            "unitPattern-count-one": "{0} дециметър",
            "unitPattern-count-other": "{0} дециметра"
          },
          "length-fathom": {
            "displayName": "fm",
            "unitPattern-count-other": "{0} fm"
          },
          "length-foot": {
            "displayName": "футове",
            "unitPattern-count-one": "{0} фут",
            "unitPattern-count-other": "{0} фута"
          },
          "length-furlong": {
            "displayName": "fur",
            "unitPattern-count-other": "{0} fur"
          },
          "length-inch": {
            "displayName": "инчове",
            "unitPattern-count-one": "{0} инч",
            "unitPattern-count-other": "{0} инча"
          },
          "length-kilometer": {
            "displayName": "километри",
            "unitPattern-count-one": "{0} километър",
            "unitPattern-count-other": "{0} километра"
          },
          "length-light-year": {
            "displayName": "светлинни години",
            "unitPattern-count-one": "{0} светлинна година",
            "unitPattern-count-other": "{0} светлинни години"
          },
          "length-meter": {
            "displayName": "метри",
            "unitPattern-count-one": "{0} метър",
            "unitPattern-count-other": "{0} метра"
          },
          "length-micrometer": {
            "displayName": "микрометри",
            "unitPattern-count-one": "{0} микрометър",
            "unitPattern-count-other": "{0} микрометра"
          },
          "length-mile": {
            "displayName": "мили",
            "unitPattern-count-one": "{0} миля",
            "unitPattern-count-other": "{0} мили"
          },
          "length-millimeter": {
            "displayName": "милиметри",
            "unitPattern-count-one": "{0} милиметър",
            "unitPattern-count-other": "{0} милиметра"
          },
          "length-nanometer": {
            "displayName": "нанометри",
            "unitPattern-count-one": "{0} нанометър",
            "unitPattern-count-other": "{0} нанометра"
          },
          "length-nautical-mile": {
            "displayName": "морски мили",
            "unitPattern-count-one": "{0} морска миля",
            "unitPattern-count-other": "{0} морски мили"
          },
          "length-parsec": {
            "displayName": "парсеци",
            "unitPattern-count-one": "{0} парсек",
            "unitPattern-count-other": "{0} парсека"
          },
          "length-picometer": {
            "displayName": "пикометри",
            "unitPattern-count-one": "{0} пикометър",
            "unitPattern-count-other": "{0} пикометра"
          },
          "length-yard": {
            "displayName": "ярдове",
            "unitPattern-count-one": "{0} ярд",
            "unitPattern-count-other": "{0} ярда"
          },
          "light-lux": {
            "displayName": "луксове",
            "unitPattern-count-one": "{0} лукс",
            "unitPattern-count-other": "{0} лукса"
          },
          "mass-carat": {
            "displayName": "карати",
            "unitPattern-count-one": "{0} карат",
            "unitPattern-count-other": "{0} карата"
          },
          "mass-gram": {
            "displayName": "грамове",
            "unitPattern-count-one": "{0} грам",
            "unitPattern-count-other": "{0} грама"
          },
          "mass-kilogram": {
            "displayName": "килограми",
            "unitPattern-count-one": "{0} килограм",
            "unitPattern-count-other": "{0} килограма"
          },
          "mass-metric-ton": {
            "displayName": "тонове",
            "unitPattern-count-one": "{0} тон",
            "unitPattern-count-other": "{0} тона"
          },
          "mass-microgram": {
            "displayName": "микрограмове",
            "unitPattern-count-one": "{0} микрограм",
            "unitPattern-count-other": "{0} микрограма"
          },
          "mass-milligram": {
            "displayName": "милиграмове",
            "unitPattern-count-one": "{0} милиграм",
            "unitPattern-count-other": "{0} милиграма"
          },
          "mass-ounce": {
            "displayName": "унции",
            "unitPattern-count-one": "{0} унция",
            "unitPattern-count-other": "{0} унции"
          },
          "mass-ounce-troy": {
            "displayName": "тройунции",
            "unitPattern-count-one": "{0} тройунция",
            "unitPattern-count-other": "{0} тройунции"
          },
          "mass-pound": {
            "displayName": "фунтове",
            "unitPattern-count-one": "{0} фунт",
            "unitPattern-count-other": "{0} фунта"
          },
          "mass-stone": {
            "displayName": "st",
            "unitPattern-count-other": "{0} st"
          },
          "mass-ton": {
            "displayName": "къси тонове",
            "unitPattern-count-one": "{0} къс тон",
            "unitPattern-count-other": "{0} къси тона"
          },
          "power-gigawatt": {
            "displayName": "гигавати",
            "unitPattern-count-one": "{0} гигават",
            "unitPattern-count-other": "{0} гигавата"
          },
          "power-horsepower": {
            "displayName": "конски сили",
            "unitPattern-count-one": "{0} конска сила",
            "unitPattern-count-other": "{0} конски сили"
          },
          "power-kilowatt": {
            "displayName": "киловати",
            "unitPattern-count-one": "{0} киловат",
            "unitPattern-count-other": "{0} киловата"
          },
          "power-megawatt": {
            "displayName": "мегавати",
            "unitPattern-count-one": "{0} мегават",
            "unitPattern-count-other": "{0} мегавата"
          },
          "power-milliwatt": {
            "displayName": "миливати",
            "unitPattern-count-one": "{0} миливат",
            "unitPattern-count-other": "{0} миливата"
          },
          "power-watt": {
            "displayName": "ватове",
            "unitPattern-count-one": "{0} ват",
            "unitPattern-count-other": "{0} вата"
          },
          "pressure-hectopascal": {
            "displayName": "хектопаскали",
            "unitPattern-count-one": "{0} хектопаскал",
            "unitPattern-count-other": "{0} хектопаскала"
          },
          "pressure-inch-hg": {
            "displayName": "инчове живачен стълб",
            "unitPattern-count-one": "{0} инч живачен стълб",
            "unitPattern-count-other": "{0} инча живачен стълб"
          },
          "pressure-millibar": {
            "displayName": "милибари",
            "unitPattern-count-one": "{0} милибар",
            "unitPattern-count-other": "{0} милибара"
          },
          "pressure-millimeter-of-mercury": {
            "displayName": "милиметри живачен стълб",
            "unitPattern-count-one": "{0} мм живачен стълб",
            "unitPattern-count-other": "{0} мм живачен стълб"
          },
          "pressure-pound-per-square-inch": {
            "displayName": "фунтове на квадратен инч",
            "unitPattern-count-one": "{0} фунт на квадратен инч",
            "unitPattern-count-other": "{0} фунта на квадратен инч"
          },
          "proportion-karat": {
            "displayName": "карати",
            "unitPattern-count-one": "{0} карат",
            "unitPattern-count-other": "{0} карата"
          },
          "speed-kilometer-per-hour": {
            "displayName": "километри в час",
            "unitPattern-count-one": "{0} километър в час",
            "unitPattern-count-other": "{0} километра в час"
          },
          "speed-meter-per-second": {
            "displayName": "метри за секунда",
            "unitPattern-count-one": "{0} метър за секунда",
            "unitPattern-count-other": "{0} метра за секунда"
          },
          "speed-mile-per-hour": {
            "displayName": "мили в час",
            "unitPattern-count-one": "{0} миля в час",
            "unitPattern-count-other": "{0} мили в час"
          },
          "temperature-celsius": {
            "displayName": "градуси Целзий",
            "unitPattern-count-one": "{0} градус Целзий",
            "unitPattern-count-other": "{0} градуса Целзий"
          },
          "temperature-fahrenheit": {
            "displayName": "градуси по Фаренхайт",
            "unitPattern-count-one": "{0} градус по Фаренхайт",
            "unitPattern-count-other": "{0} градуса по Фаренхайт"
          },
          "temperature-kelvin": {
            "displayName": "келвини",
            "unitPattern-count-one": "{0} келвин",
            "unitPattern-count-other": "{0} келвина"
          },
          "volume-acre-foot": {
            "displayName": "акър-футове",
            "unitPattern-count-one": "{0} акър-фут",
            "unitPattern-count-other": "{0} акър-фута"
          },
          "volume-bushel": {
            "displayName": "bu",
            "unitPattern-count-other": "{0} bu"
          },
          "volume-centiliter": {
            "displayName": "сентилитри",
            "unitPattern-count-one": "{0} сентилитър",
            "unitPattern-count-other": "{0} сентилитра"
          },
          "volume-cubic-centimeter": {
            "displayName": "кубически сантиметри",
            "unitPattern-count-one": "{0} кубически сантиметър",
            "unitPattern-count-other": "{0} кубически сантиметра"
          },
          "volume-cubic-foot": {
            "displayName": "кубически футове",
            "unitPattern-count-one": "{0} кубически фут",
            "unitPattern-count-other": "{0} кубически фута"
          },
          "volume-cubic-inch": {
            "displayName": "кубически инчове",
            "unitPattern-count-one": "{0} кубически инч",
            "unitPattern-count-other": "{0} кубически инча"
          },
          "volume-cubic-kilometer": {
            "displayName": "кубически километри",
            "unitPattern-count-one": "{0} кубически километър",
            "unitPattern-count-other": "{0} кубически километра"
          },
          "volume-cubic-meter": {
            "displayName": "кубически метри",
            "unitPattern-count-one": "{0} кубически метър",
            "unitPattern-count-other": "{0} кубически метра"
          },
          "volume-cubic-mile": {
            "displayName": "кубически мили",
            "unitPattern-count-one": "{0} кубическа миля",
            "unitPattern-count-other": "{0} кубически мили"
          },
          "volume-cubic-yard": {
            "displayName": "кубически ярдове",
            "unitPattern-count-one": "{0} кубически ярд",
            "unitPattern-count-other": "{0} кубически ярда"
          },
          "volume-cup": {
            "displayName": "чаши",
            "unitPattern-count-one": "{0} чаша",
            "unitPattern-count-other": "{0} чаши"
          },
          "volume-deciliter": {
            "displayName": "децилитри",
            "unitPattern-count-one": "{0} децилитър",
            "unitPattern-count-other": "{0} децилитра"
          },
          "volume-fluid-ounce": {
            "displayName": "течни унции",
            "unitPattern-count-one": "{0} течна унция",
            "unitPattern-count-other": "{0} течни унции"
          },
          "volume-gallon": {
            "displayName": "галони",
            "unitPattern-count-one": "{0} галона",
            "unitPattern-count-other": "{0} галона"
          },
          "volume-hectoliter": {
            "displayName": "хектолитри",
            "unitPattern-count-one": "{0} хектолитър",
            "unitPattern-count-other": "{0} хектолитра"
          },
          "volume-liter": {
            "displayName": "литри",
            "unitPattern-count-one": "{0} литър",
            "unitPattern-count-other": "{0} литра"
          },
          "volume-megaliter": {
            "displayName": "мегалитри",
            "unitPattern-count-one": "{0} мегалитър",
            "unitPattern-count-other": "{0} мегалитра"
          },
          "volume-milliliter": {
            "displayName": "милилитри",
            "unitPattern-count-one": "{0} милилитър",
            "unitPattern-count-other": "{0} милилитра"
          },
          "volume-pint": {
            "displayName": "пинти",
            "unitPattern-count-one": "{0} пинта",
            "unitPattern-count-other": "{0} пинти"
          },
          "volume-quart": {
            "displayName": "кварти",
            "unitPattern-count-one": "{0} кварта",
            "unitPattern-count-other": "{0} кварти"
          },
          "volume-tablespoon": {
            "displayName": "супени лъжици",
            "unitPattern-count-one": "{0} супена лъжица",
            "unitPattern-count-other": "{0} супени лъжици"
          },
          "volume-teaspoon": {
            "displayName": "чаени лъжици",
            "unitPattern-count-one": "{0} чаена лъжица",
            "unitPattern-count-other": "{0} чаени лъжици"
          }
        },
        "short": {
          "per": {
            "compoundUnitPattern": "{0}/{1}"
          },
          "acceleration-g-force": {
            "displayName": "G",
            "unitPattern-count-one": "{0} G",
            "unitPattern-count-other": "{0} G"
          },
          "acceleration-meter-per-second-squared": {
            "displayName": "m/s²",
            "unitPattern-count-one": "{0} m/s²",
            "unitPattern-count-other": "{0} m/s²"
          },
          "angle-arc-minute": {
            "displayName": "дъгови мин.",
            "unitPattern-count-one": "{0}′",
            "unitPattern-count-other": "{0}′"
          },
          "angle-arc-second": {
            "displayName": "дъгови с",
            "unitPattern-count-one": "{0}″",
            "unitPattern-count-other": "{0}″"
          },
          "angle-degree": {
            "displayName": "°",
            "unitPattern-count-one": "{0}°",
            "unitPattern-count-other": "{0}°"
          },
          "angle-radian": {
            "displayName": "rad",
            "unitPattern-count-one": "{0} rad",
            "unitPattern-count-other": "{0} rad"
          },
          "area-acre": {
            "displayName": "акри",
            "unitPattern-count-one": "{0} акър",
            "unitPattern-count-other": "{0} акра"
          },
          "area-hectare": {
            "displayName": "хектари",
            "unitPattern-count-one": "{0} ha",
            "unitPattern-count-other": "{0} ha"
          },
          "area-square-centimeter": {
            "displayName": "cm²",
            "unitPattern-count-one": "{0} cm²",
            "unitPattern-count-other": "{0} cm²"
          },
          "area-square-foot": {
            "displayName": "кв. футове",
            "unitPattern-count-one": "{0} кв. фут",
            "unitPattern-count-other": "{0} кв. фута"
          },
          "area-square-inch": {
            "displayName": "кв. инчове",
            "unitPattern-count-one": "{0} кв. инч",
            "unitPattern-count-other": "{0} кв. инча"
          },
          "area-square-kilometer": {
            "displayName": "km²",
            "unitPattern-count-one": "{0} km²",
            "unitPattern-count-other": "{0} km²"
          },
          "area-square-meter": {
            "displayName": "m²",
            "unitPattern-count-one": "{0} m²",
            "unitPattern-count-other": "{0} m²"
          },
          "area-square-mile": {
            "displayName": "кв. мили",
            "unitPattern-count-one": "{0} кв. миля",
            "unitPattern-count-other": "{0} кв. мили"
          },
          "area-square-yard": {
            "displayName": "кв. ярдове",
            "unitPattern-count-one": "{0} кв. ярд",
            "unitPattern-count-other": "{0} кв. ярда"
          },
          "consumption-liter-per-kilometer": {
            "displayName": "l/km",
            "unitPattern-count-one": "{0} l/km",
            "unitPattern-count-other": "{0} l/km"
          },
          "consumption-mile-per-gallon": {
            "displayName": "mpg",
            "unitPattern-count-one": "{0} mpg",
            "unitPattern-count-other": "{0} mpg"
          },
          "digital-bit": {
            "displayName": "б",
            "unitPattern-count-one": "{0} б",
            "unitPattern-count-other": "{0} б"
          },
          "digital-byte": {
            "displayName": "B",
            "unitPattern-count-one": "{0} B",
            "unitPattern-count-other": "{0} B"
          },
          "digital-gigabit": {
            "displayName": "Gb",
            "unitPattern-count-one": "{0} Gb",
            "unitPattern-count-other": "{0} Gb"
          },
          "digital-gigabyte": {
            "displayName": "GB",
            "unitPattern-count-one": "{0} GB",
            "unitPattern-count-other": "{0} GB"
          },
          "digital-kilobit": {
            "displayName": "kb",
            "unitPattern-count-one": "{0} kb",
            "unitPattern-count-other": "{0} kb"
          },
          "digital-kilobyte": {
            "displayName": "kB",
            "unitPattern-count-one": "{0} kB",
            "unitPattern-count-other": "{0} kB"
          },
          "digital-megabit": {
            "displayName": "Mb",
            "unitPattern-count-one": "{0} Mb",
            "unitPattern-count-other": "{0} Mb"
          },
          "digital-megabyte": {
            "displayName": "MB",
            "unitPattern-count-one": "{0} MB",
            "unitPattern-count-other": "{0} MB"
          },
          "digital-terabit": {
            "displayName": "Tb",
            "unitPattern-count-one": "{0} Tb",
            "unitPattern-count-other": "{0} Tb"
          },
          "digital-terabyte": {
            "displayName": "TB",
            "unitPattern-count-one": "{0} TB",
            "unitPattern-count-other": "{0} TB"
          },
          "duration-day": {
            "displayName": "дни",
            "unitPattern-count-one": "{0} д",
            "unitPattern-count-other": "{0} д"
          },
          "duration-hour": {
            "displayName": "часове",
            "unitPattern-count-one": "{0} h",
            "unitPattern-count-other": "{0} h",
            "perUnitPattern": "{0}/h"
          },
          "duration-microsecond": {
            "displayName": "μs",
            "unitPattern-count-one": "{0} μs",
            "unitPattern-count-other": "{0} μs"
          },
          "duration-millisecond": {
            "displayName": "милисекунди",
            "unitPattern-count-one": "{0} ms",
            "unitPattern-count-other": "{0} ms"
          },
          "duration-minute": {
            "displayName": "min",
            "unitPattern-count-one": "{0} min",
            "unitPattern-count-other": "{0} min"
          },
          "duration-month": {
            "displayName": "месеци",
            "unitPattern-count-one": "{0} мес.",
            "unitPattern-count-other": "{0} мес."
          },
          "duration-nanosecond": {
            "displayName": "ns",
            "unitPattern-count-one": "{0} ns",
            "unitPattern-count-other": "{0} ns"
          },
          "duration-second": {
            "displayName": "секунди",
            "unitPattern-count-one": "{0} s",
            "unitPattern-count-other": "{0} s",
            "perUnitPattern": "{0}/s"
          },
          "duration-week": {
            "displayName": "седмици",
            "unitPattern-count-one": "{0} седм.",
            "unitPattern-count-other": "{0} седм."
          },
          "duration-year": {
            "displayName": "години",
            "unitPattern-count-one": "{0} г",
            "unitPattern-count-other": "{0} г"
          },
          "electric-ampere": {
            "displayName": "A",
            "unitPattern-count-one": "{0} A",
            "unitPattern-count-other": "{0} A"
          },
          "electric-milliampere": {
            "displayName": "mA",
            "unitPattern-count-one": "{0} mA",
            "unitPattern-count-other": "{0} mA"
          },
          "electric-ohm": {
            "displayName": "Ω",
            "unitPattern-count-one": "{0} Ω",
            "unitPattern-count-other": "{0} Ω"
          },
          "electric-volt": {
            "displayName": "V",
            "unitPattern-count-one": "{0} V",
            "unitPattern-count-other": "{0} V"
          },
          "energy-calorie": {
            "displayName": "cal",
            "unitPattern-count-one": "{0} cal",
            "unitPattern-count-other": "{0} cal"
          },
          "energy-foodcalorie": {
            "displayName": "cal",
            "unitPattern-count-one": "{0} cal",
            "unitPattern-count-other": "{0} cal"
          },
          "energy-joule": {
            "displayName": "J",
            "unitPattern-count-one": "{0} J",
            "unitPattern-count-other": "{0} J"
          },
          "energy-kilocalorie": {
            "displayName": "kcal",
            "unitPattern-count-one": "{0} kcal",
            "unitPattern-count-other": "{0} kcal"
          },
          "energy-kilojoule": {
            "displayName": "kJ",
            "unitPattern-count-one": "{0} kJ",
            "unitPattern-count-other": "{0} kJ"
          },
          "energy-kilowatt-hour": {
            "displayName": "kWh",
            "unitPattern-count-one": "{0} kWh",
            "unitPattern-count-other": "{0} kWh"
          },
          "frequency-gigahertz": {
            "displayName": "GHz",
            "unitPattern-count-one": "{0} GHz",
            "unitPattern-count-other": "{0} GHz"
          },
          "frequency-hertz": {
            "displayName": "Hz",
            "unitPattern-count-one": "{0} Hz",
            "unitPattern-count-other": "{0} Hz"
          },
          "frequency-kilohertz": {
            "displayName": "kHz",
            "unitPattern-count-one": "{0} kHz",
            "unitPattern-count-other": "{0} kHz"
          },
          "frequency-megahertz": {
            "displayName": "MHz",
            "unitPattern-count-one": "{0} MHz",
            "unitPattern-count-other": "{0} MHz"
          },
          "length-astronomical-unit": {
            "displayName": "AU",
            "unitPattern-count-one": "{0} AU",
            "unitPattern-count-other": "{0} AU"
          },
          "length-centimeter": {
            "displayName": "cm",
            "unitPattern-count-one": "{0} cm",
            "unitPattern-count-other": "{0} cm"
          },
          "length-decimeter": {
            "displayName": "dm",
            "unitPattern-count-one": "{0} dm",
            "unitPattern-count-other": "{0} dm"
          },
          "length-fathom": {
            "displayName": "fm",
            "unitPattern-count-other": "{0} fm"
          },
          "length-foot": {
            "displayName": "футове",
            "unitPattern-count-one": "{0} фут",
            "unitPattern-count-other": "{0} фута"
          },
          "length-furlong": {
            "displayName": "fur",
            "unitPattern-count-other": "{0} fur"
          },
          "length-inch": {
            "displayName": "инчове",
            "unitPattern-count-one": "{0} инч",
            "unitPattern-count-other": "{0} инча"
          },
          "length-kilometer": {
            "displayName": "km",
            "unitPattern-count-one": "{0} km",
            "unitPattern-count-other": "{0} km"
          },
          "length-light-year": {
            "displayName": "св. г.",
            "unitPattern-count-one": "{0} св.г.",
            "unitPattern-count-other": "{0} св.г."
          },
          "length-meter": {
            "displayName": "метри",
            "unitPattern-count-one": "{0} m",
            "unitPattern-count-other": "{0} m"
          },
          "length-micrometer": {
            "displayName": "µm",
            "unitPattern-count-one": "{0} µm",
            "unitPattern-count-other": "{0} µm"
          },
          "length-mile": {
            "displayName": "мили",
            "unitPattern-count-one": "{0} миля",
            "unitPattern-count-other": "{0} мили"
          },
          "length-millimeter": {
            "displayName": "mm",
            "unitPattern-count-one": "{0} mm",
            "unitPattern-count-other": "{0} mm"
          },
          "length-nanometer": {
            "displayName": "nm",
            "unitPattern-count-one": "{0} nm",
            "unitPattern-count-other": "{0} nm"
          },
          "length-nautical-mile": {
            "displayName": "nmi",
            "unitPattern-count-one": "{0} nmi",
            "unitPattern-count-other": "{0} nmi"
          },
          "length-parsec": {
            "displayName": "pc",
            "unitPattern-count-one": "{0} pc",
            "unitPattern-count-other": "{0} pc"
          },
          "length-picometer": {
            "displayName": "пикометри",
            "unitPattern-count-one": "{0} pm",
            "unitPattern-count-other": "{0} pm"
          },
          "length-yard": {
            "displayName": "ярдове",
            "unitPattern-count-one": "{0} ярд",
            "unitPattern-count-other": "{0} ярда"
          },
          "light-lux": {
            "displayName": "lx",
            "unitPattern-count-one": "{0} lx",
            "unitPattern-count-other": "{0} lx"
          },
          "mass-carat": {
            "displayName": "CD",
            "unitPattern-count-one": "{0} CD",
            "unitPattern-count-other": "{0} CD"
          },
          "mass-gram": {
            "displayName": "g",
            "unitPattern-count-one": "{0} g",
            "unitPattern-count-other": "{0} g"
          },
          "mass-kilogram": {
            "displayName": "kg",
            "unitPattern-count-one": "{0} kg",
            "unitPattern-count-other": "{0} kg"
          },
          "mass-metric-ton": {
            "displayName": "т",
            "unitPattern-count-one": "{0} т",
            "unitPattern-count-other": "{0} т"
          },
          "mass-microgram": {
            "displayName": "µg",
            "unitPattern-count-one": "{0} µg",
            "unitPattern-count-other": "{0} µg"
          },
          "mass-milligram": {
            "displayName": "mg",
            "unitPattern-count-one": "{0} mg",
            "unitPattern-count-other": "{0} mg"
          },
          "mass-ounce": {
            "displayName": "унц.",
            "unitPattern-count-one": "{0} унц.",
            "unitPattern-count-other": "{0} унц."
          },
          "mass-ounce-troy": {
            "displayName": "тр. унц.",
            "unitPattern-count-one": "{0} тр. унц.",
            "unitPattern-count-other": "{0} тр. унц."
          },
          "mass-pound": {
            "displayName": "фунтове",
            "unitPattern-count-one": "{0} фунт",
            "unitPattern-count-other": "{0} фунта"
          },
          "mass-stone": {
            "displayName": "st",
            "unitPattern-count-other": "{0} st"
          },
          "mass-ton": {
            "displayName": "къси тонове",
            "unitPattern-count-one": "{0} к. т.",
            "unitPattern-count-other": "{0} к. т."
          },
          "power-gigawatt": {
            "displayName": "GW",
            "unitPattern-count-one": "{0} GW",
            "unitPattern-count-other": "{0} GW"
          },
          "power-horsepower": {
            "displayName": "к. с.",
            "unitPattern-count-one": "{0} к. с.",
            "unitPattern-count-other": "{0} к. с."
          },
          "power-kilowatt": {
            "displayName": "kW",
            "unitPattern-count-one": "{0} kW",
            "unitPattern-count-other": "{0} kW"
          },
          "power-megawatt": {
            "displayName": "MW",
            "unitPattern-count-one": "{0} MW",
            "unitPattern-count-other": "{0} MW"
          },
          "power-milliwatt": {
            "displayName": "mW",
            "unitPattern-count-one": "{0} mW",
            "unitPattern-count-other": "{0} mW"
          },
          "power-watt": {
            "displayName": "W",
            "unitPattern-count-one": "{0} W",
            "unitPattern-count-other": "{0} W"
          },
          "pressure-hectopascal": {
            "displayName": "hPa",
            "unitPattern-count-one": "{0} hPa",
            "unitPattern-count-other": "{0} hPa"
          },
          "pressure-inch-hg": {
            "displayName": "inHg",
            "unitPattern-count-one": "{0} inHg",
            "unitPattern-count-other": "{0} inHg"
          },
          "pressure-millibar": {
            "displayName": "mbar",
            "unitPattern-count-one": "{0} mbar",
            "unitPattern-count-other": "{0} mbar"
          },
          "pressure-millimeter-of-mercury": {
            "displayName": "mmHg",
            "unitPattern-count-one": "{0} mmHg",
            "unitPattern-count-other": "{0} mmHg"
          },
          "pressure-pound-per-square-inch": {
            "displayName": "psi",
            "unitPattern-count-one": "{0} psi",
            "unitPattern-count-other": "{0} psi"
          },
          "proportion-karat": {
            "displayName": "К",
            "unitPattern-count-one": "{0} карат",
            "unitPattern-count-other": "{0} карат"
          },
          "speed-kilometer-per-hour": {
            "displayName": "km/h",
            "unitPattern-count-one": "{0} km/h",
            "unitPattern-count-other": "{0} km/h"
          },
          "speed-meter-per-second": {
            "displayName": "m/s",
            "unitPattern-count-one": "{0} m/s",
            "unitPattern-count-other": "{0} m/s"
          },
          "speed-mile-per-hour": {
            "displayName": "мили/ч",
            "unitPattern-count-one": "{0} миля/ч",
            "unitPattern-count-other": "{0} мили/ч"
          },
          "temperature-celsius": {
            "displayName": "°C",
            "unitPattern-count-one": "{0} °C",
            "unitPattern-count-other": "{0} °C"
          },
          "temperature-fahrenheit": {
            "displayName": "°F",
            "unitPattern-count-one": "{0} °F",
            "unitPattern-count-other": "{0} °F"
          },
          "temperature-kelvin": {
            "displayName": "K",
            "unitPattern-count-one": "{0} K",
            "unitPattern-count-other": "{0} K"
          },
          "volume-acre-foot": {
            "displayName": "акър-футове",
            "unitPattern-count-one": "{0} акър-фут",
            "unitPattern-count-other": "{0} акър-фута"
          },
          "volume-bushel": {
            "displayName": "bu",
            "unitPattern-count-other": "{0} bu"
          },
          "volume-centiliter": {
            "displayName": "cl",
            "unitPattern-count-one": "{0} cl",
            "unitPattern-count-other": "{0} cl"
          },
          "volume-cubic-centimeter": {
            "displayName": "cm³",
            "unitPattern-count-one": "{0} cm³",
            "unitPattern-count-other": "{0} cm³"
          },
          "volume-cubic-foot": {
            "displayName": "куб. футове",
            "unitPattern-count-one": "{0} куб. фут",
            "unitPattern-count-other": "{0} куб. фута"
          },
          "volume-cubic-inch": {
            "displayName": "куб. инчове",
            "unitPattern-count-one": "{0} куб. инч",
            "unitPattern-count-other": "{0} куб. инча"
          },
          "volume-cubic-kilometer": {
            "displayName": "km³",
            "unitPattern-count-one": "{0} km³",
            "unitPattern-count-other": "{0} km³"
          },
          "volume-cubic-meter": {
            "displayName": "m³",
            "unitPattern-count-one": "{0} m³",
            "unitPattern-count-other": "{0} m³"
          },
          "volume-cubic-mile": {
            "displayName": "куб. мили",
            "unitPattern-count-one": "{0} куб. миля",
            "unitPattern-count-other": "{0} куб. мили"
          },
          "volume-cubic-yard": {
            "displayName": "куб. ярдове",
            "unitPattern-count-one": "{0} куб. ярд",
            "unitPattern-count-other": "{0} куб. ярда"
          },
          "volume-cup": {
            "displayName": "чаши",
            "unitPattern-count-one": "{0} чаша",
            "unitPattern-count-other": "{0} чаши"
          },
          "volume-deciliter": {
            "displayName": "dl",
            "unitPattern-count-one": "{0} dl",
            "unitPattern-count-other": "{0} dl"
          },
          "volume-fluid-ounce": {
            "displayName": "т. унц.",
            "unitPattern-count-one": "{0} т. унц.",
            "unitPattern-count-other": "{0} т. унц."
          },
          "volume-gallon": {
            "displayName": "галони",
            "unitPattern-count-one": "{0} галон",
            "unitPattern-count-other": "{0} галона"
          },
          "volume-hectoliter": {
            "displayName": "hl",
            "unitPattern-count-one": "{0} hl",
            "unitPattern-count-other": "{0} hl"
          },
          "volume-liter": {
            "displayName": "литри",
            "unitPattern-count-one": "{0} l",
            "unitPattern-count-other": "{0} l"
          },
          "volume-megaliter": {
            "displayName": "Ml",
            "unitPattern-count-one": "{0} Ml",
            "unitPattern-count-other": "{0} Ml"
          },
          "volume-milliliter": {
            "displayName": "ml",
            "unitPattern-count-one": "{0} ml",
            "unitPattern-count-other": "{0} ml"
          },
          "volume-pint": {
            "displayName": "пинти",
            "unitPattern-count-one": "{0} пинта",
            "unitPattern-count-other": "{0} пинти"
          },
          "volume-quart": {
            "displayName": "кварти",
            "unitPattern-count-one": "{0} кварта",
            "unitPattern-count-other": "{0} кварти"
          },
          "volume-tablespoon": {
            "displayName": "с. л.",
            "unitPattern-count-one": "{0} с. л.",
            "unitPattern-count-other": "{0} с. л."
          },
          "volume-teaspoon": {
            "displayName": "ч. л.",
            "unitPattern-count-one": "{0} ч. л.",
            "unitPattern-count-other": "{0} ч. л."
          }
        },
        "narrow": {
          "per": {
            "compoundUnitPattern": "{0}/{1}"
          },
          "acceleration-g-force": {
            "displayName": "G",
            "unitPattern-count-one": "{0} G",
            "unitPattern-count-other": "{0} G"
          },
          "acceleration-meter-per-second-squared": {
            "displayName": "m/s²",
            "unitPattern-count-one": "{0} m/s²",
            "unitPattern-count-other": "{0} m/s²"
          },
          "angle-arc-minute": {
            "displayName": "дъгови мин.",
            "unitPattern-count-one": "{0}′",
            "unitPattern-count-other": "{0}′"
          },
          "angle-arc-second": {
            "displayName": "дъгови с",
            "unitPattern-count-one": "{0}″",
            "unitPattern-count-other": "{0}″"
          },
          "angle-degree": {
            "displayName": "°",
            "unitPattern-count-one": "{0}°",
            "unitPattern-count-other": "{0}°"
          },
          "angle-radian": {
            "displayName": "rad",
            "unitPattern-count-one": "{0} rad",
            "unitPattern-count-other": "{0} rad"
          },
          "area-acre": {
            "displayName": "акри",
            "unitPattern-count-one": "{0} акър",
            "unitPattern-count-other": "{0} акра"
          },
          "area-hectare": {
            "displayName": "хектари",
            "unitPattern-count-one": "{0} ha",
            "unitPattern-count-other": "{0} ha"
          },
          "area-square-centimeter": {
            "displayName": "cm²",
            "unitPattern-count-one": "{0} cm²",
            "unitPattern-count-other": "{0} cm²"
          },
          "area-square-foot": {
            "displayName": "кв. футове",
            "unitPattern-count-one": "{0} кв. фут",
            "unitPattern-count-other": "{0} кв. фута"
          },
          "area-square-inch": {
            "displayName": "кв. инчове",
            "unitPattern-count-one": "{0} кв. инча",
            "unitPattern-count-other": "{0} кв. инча"
          },
          "area-square-kilometer": {
            "displayName": "km²",
            "unitPattern-count-one": "{0} km²",
            "unitPattern-count-other": "{0} km²"
          },
          "area-square-meter": {
            "displayName": "m²",
            "unitPattern-count-one": "{0} m²",
            "unitPattern-count-other": "{0} m²"
          },
          "area-square-mile": {
            "displayName": "кв. мили",
            "unitPattern-count-one": "{0} кв. миля",
            "unitPattern-count-other": "{0} кв. мили"
          },
          "area-square-yard": {
            "displayName": "кв. ярдове",
            "unitPattern-count-one": "{0} кв. ярда",
            "unitPattern-count-other": "{0} кв. ярда"
          },
          "consumption-liter-per-kilometer": {
            "displayName": "l/km",
            "unitPattern-count-one": "{0} l/km",
            "unitPattern-count-other": "{0} l/km"
          },
          "consumption-mile-per-gallon": {
            "displayName": "mpg",
            "unitPattern-count-one": "{0} mpg",
            "unitPattern-count-other": "{0} mpg"
          },
          "digital-bit": {
            "displayName": "б",
            "unitPattern-count-one": "{0} б",
            "unitPattern-count-other": "{0} б"
          },
          "digital-byte": {
            "displayName": "B",
            "unitPattern-count-one": "{0} B",
            "unitPattern-count-other": "{0} B"
          },
          "digital-gigabit": {
            "displayName": "Gb",
            "unitPattern-count-one": "{0} Gb",
            "unitPattern-count-other": "{0} Gb"
          },
          "digital-gigabyte": {
            "displayName": "GB",
            "unitPattern-count-one": "{0} GB",
            "unitPattern-count-other": "{0} GB"
          },
          "digital-kilobit": {
            "displayName": "kb",
            "unitPattern-count-one": "{0} kb",
            "unitPattern-count-other": "{0} kb"
          },
          "digital-kilobyte": {
            "displayName": "kB",
            "unitPattern-count-one": "{0} kB",
            "unitPattern-count-other": "{0} kB"
          },
          "digital-megabit": {
            "displayName": "Mb",
            "unitPattern-count-one": "{0} Mb",
            "unitPattern-count-other": "{0} Mb"
          },
          "digital-megabyte": {
            "displayName": "MB",
            "unitPattern-count-one": "{0} MB",
            "unitPattern-count-other": "{0} MB"
          },
          "digital-terabit": {
            "displayName": "Tb",
            "unitPattern-count-one": "{0} Tb",
            "unitPattern-count-other": "{0} Tb"
          },
          "digital-terabyte": {
            "displayName": "TB",
            "unitPattern-count-one": "{0} TB",
            "unitPattern-count-other": "{0} TB"
          },
          "duration-day": {
            "displayName": "д",
            "unitPattern-count-one": "{0} д",
            "unitPattern-count-other": "{0} д"
          },
          "duration-hour": {
            "displayName": "h",
            "unitPattern-count-one": "{0} h",
            "unitPattern-count-other": "{0} h",
            "perUnitPattern": "{0}/h"
          },
          "duration-microsecond": {
            "displayName": "μs",
            "unitPattern-count-one": "{0} μs",
            "unitPattern-count-other": "{0} μs"
          },
          "duration-millisecond": {
            "displayName": "ms",
            "unitPattern-count-one": "{0} ms",
            "unitPattern-count-other": "{0} ms"
          },
          "duration-minute": {
            "displayName": "min",
            "unitPattern-count-one": "{0} min",
            "unitPattern-count-other": "{0} min"
          },
          "duration-month": {
            "displayName": "м",
            "unitPattern-count-one": "{0} м",
            "unitPattern-count-other": "{0} м"
          },
          "duration-nanosecond": {
            "displayName": "ns",
            "unitPattern-count-one": "{0} ns",
            "unitPattern-count-other": "{0} ns"
          },
          "duration-second": {
            "displayName": "s",
            "unitPattern-count-one": "{0} s",
            "unitPattern-count-other": "{0} s",
            "perUnitPattern": "{0}/s"
          },
          "duration-week": {
            "displayName": "седм.",
            "unitPattern-count-one": "{0} седм.",
            "unitPattern-count-other": "{0} седм."
          },
          "duration-year": {
            "displayName": "г",
            "unitPattern-count-one": "{0} г",
            "unitPattern-count-other": "{0} г"
          },
          "electric-ampere": {
            "displayName": "A",
            "unitPattern-count-one": "{0} A",
            "unitPattern-count-other": "{0} A"
          },
          "electric-milliampere": {
            "displayName": "mA",
            "unitPattern-count-one": "{0} mA",
            "unitPattern-count-other": "{0} mA"
          },
          "electric-ohm": {
            "displayName": "Ω",
            "unitPattern-count-one": "{0} Ω",
            "unitPattern-count-other": "{0} Ω"
          },
          "electric-volt": {
            "displayName": "V",
            "unitPattern-count-one": "{0} V",
            "unitPattern-count-other": "{0} V"
          },
          "energy-calorie": {
            "displayName": "cal",
            "unitPattern-count-one": "{0} cal",
            "unitPattern-count-other": "{0} cal"
          },
          "energy-foodcalorie": {
            "displayName": "cal",
            "unitPattern-count-one": "{0} cal",
            "unitPattern-count-other": "{0} cal"
          },
          "energy-joule": {
            "displayName": "J",
            "unitPattern-count-one": "{0} J",
            "unitPattern-count-other": "{0} J"
          },
          "energy-kilocalorie": {
            "displayName": "kcal",
            "unitPattern-count-one": "{0} kcal",
            "unitPattern-count-other": "{0} kcal"
          },
          "energy-kilojoule": {
            "displayName": "kJ",
            "unitPattern-count-one": "{0} kJ",
            "unitPattern-count-other": "{0} kJ"
          },
          "energy-kilowatt-hour": {
            "displayName": "kWh",
            "unitPattern-count-one": "{0} kWh",
            "unitPattern-count-other": "{0} kWh"
          },
          "frequency-gigahertz": {
            "displayName": "GHz",
            "unitPattern-count-one": "{0} GHz",
            "unitPattern-count-other": "{0} GHz"
          },
          "frequency-hertz": {
            "displayName": "Hz",
            "unitPattern-count-one": "{0} Hz",
            "unitPattern-count-other": "{0} Hz"
          },
          "frequency-kilohertz": {
            "displayName": "kHz",
            "unitPattern-count-one": "{0} kHz",
            "unitPattern-count-other": "{0} kHz"
          },
          "frequency-megahertz": {
            "displayName": "MHz",
            "unitPattern-count-one": "{0} MHz",
            "unitPattern-count-other": "{0} MHz"
          },
          "length-astronomical-unit": {
            "displayName": "AU",
            "unitPattern-count-one": "{0} AU",
            "unitPattern-count-other": "{0} AU"
          },
          "length-centimeter": {
            "displayName": "cm",
            "unitPattern-count-one": "{0} cm",
            "unitPattern-count-other": "{0} cm"
          },
          "length-decimeter": {
            "displayName": "dm",
            "unitPattern-count-one": "{0} dm",
            "unitPattern-count-other": "{0} dm"
          },
          "length-fathom": {
            "displayName": "fm",
            "unitPattern-count-other": "{0} fm"
          },
          "length-foot": {
            "displayName": "футове",
            "unitPattern-count-one": "{0} фут",
            "unitPattern-count-other": "{0} фута"
          },
          "length-furlong": {
            "displayName": "fur",
            "unitPattern-count-other": "{0} fur"
          },
          "length-inch": {
            "displayName": "инчове",
            "unitPattern-count-one": "{0}\"",
            "unitPattern-count-other": "{0}\""
          },
          "length-kilometer": {
            "displayName": "km",
            "unitPattern-count-one": "{0} km",
            "unitPattern-count-other": "{0} km"
          },
          "length-light-year": {
            "displayName": "св. г.",
            "unitPattern-count-one": "{0} св.г.",
            "unitPattern-count-other": "{0} св.г."
          },
          "length-meter": {
            "displayName": "m",
            "unitPattern-count-one": "{0} m",
            "unitPattern-count-other": "{0} m"
          },
          "length-micrometer": {
            "displayName": "µm",
            "unitPattern-count-one": "{0} µm",
            "unitPattern-count-other": "{0} µm"
          },
          "length-mile": {
            "displayName": "мили",
            "unitPattern-count-one": "{0} миля",
            "unitPattern-count-other": "{0} мили"
          },
          "length-millimeter": {
            "displayName": "mm",
            "unitPattern-count-one": "{0} mm",
            "unitPattern-count-other": "{0} mm"
          },
          "length-nanometer": {
            "displayName": "nm",
            "unitPattern-count-one": "{0} nm",
            "unitPattern-count-other": "{0} nm"
          },
          "length-nautical-mile": {
            "displayName": "nmi",
            "unitPattern-count-one": "{0} nmi",
            "unitPattern-count-other": "{0} nmi"
          },
          "length-parsec": {
            "displayName": "pc",
            "unitPattern-count-one": "{0} pc",
            "unitPattern-count-other": "{0} pc"
          },
          "length-picometer": {
            "displayName": "пикометри",
            "unitPattern-count-one": "{0} pm",
            "unitPattern-count-other": "{0} pm"
          },
          "length-yard": {
            "displayName": "ярдове",
            "unitPattern-count-one": "{0} ярд",
            "unitPattern-count-other": "{0} ярда"
          },
          "light-lux": {
            "displayName": "lx",
            "unitPattern-count-one": "{0} lx",
            "unitPattern-count-other": "{0} lx"
          },
          "mass-carat": {
            "displayName": "CD",
            "unitPattern-count-one": "{0} CD",
            "unitPattern-count-other": "{0} CD"
          },
          "mass-gram": {
            "displayName": "g",
            "unitPattern-count-one": "{0} g",
            "unitPattern-count-other": "{0} g"
          },
          "mass-kilogram": {
            "displayName": "kg",
            "unitPattern-count-one": "{0} kg",
            "unitPattern-count-other": "{0} kg"
          },
          "mass-metric-ton": {
            "displayName": "т",
            "unitPattern-count-one": "{0} т",
            "unitPattern-count-other": "{0} т"
          },
          "mass-microgram": {
            "displayName": "µg",
            "unitPattern-count-one": "{0} µg",
            "unitPattern-count-other": "{0} µg"
          },
          "mass-milligram": {
            "displayName": "mg",
            "unitPattern-count-one": "{0} mg",
            "unitPattern-count-other": "{0} mg"
          },
          "mass-ounce": {
            "displayName": "унц.",
            "unitPattern-count-one": "{0} унц.",
            "unitPattern-count-other": "{0} унц."
          },
          "mass-ounce-troy": {
            "displayName": "тр. унц.",
            "unitPattern-count-one": "{0} тр. унц.",
            "unitPattern-count-other": "{0} тр. унц."
          },
          "mass-pound": {
            "displayName": "фунтове",
            "unitPattern-count-one": "{0} фунт",
            "unitPattern-count-other": "{0} фунта"
          },
          "mass-stone": {
            "displayName": "st",
            "unitPattern-count-other": "{0} st"
          },
          "mass-ton": {
            "displayName": "къси тонове",
            "unitPattern-count-one": "{0} к. т.",
            "unitPattern-count-other": "{0} к. т."
          },
          "power-gigawatt": {
            "displayName": "GW",
            "unitPattern-count-one": "{0} GW",
            "unitPattern-count-other": "{0} GW"
          },
          "power-horsepower": {
            "displayName": "к. с.",
            "unitPattern-count-one": "{0} к.с.",
            "unitPattern-count-other": "{0} к.с."
          },
          "power-kilowatt": {
            "displayName": "kW",
            "unitPattern-count-one": "{0} kW",
            "unitPattern-count-other": "{0} kW"
          },
          "power-megawatt": {
            "displayName": "MW",
            "unitPattern-count-one": "{0} MW",
            "unitPattern-count-other": "{0} MW"
          },
          "power-milliwatt": {
            "displayName": "mW",
            "unitPattern-count-one": "{0} mW",
            "unitPattern-count-other": "{0} mW"
          },
          "power-watt": {
            "displayName": "W",
            "unitPattern-count-one": "{0} W",
            "unitPattern-count-other": "{0} W"
          },
          "pressure-hectopascal": {
            "displayName": "hPa",
            "unitPattern-count-one": "{0} hPa",
            "unitPattern-count-other": "{0} hPa"
          },
          "pressure-inch-hg": {
            "displayName": "inHg",
            "unitPattern-count-one": "{0} inHg",
            "unitPattern-count-other": "{0} inHg"
          },
          "pressure-millibar": {
            "displayName": "mbar",
            "unitPattern-count-one": "{0} mbar",
            "unitPattern-count-other": "{0} mbar"
          },
          "pressure-millimeter-of-mercury": {
            "displayName": "mmHg",
            "unitPattern-count-one": "{0} mmHg",
            "unitPattern-count-other": "{0} mmHg"
          },
          "pressure-pound-per-square-inch": {
            "displayName": "psi",
            "unitPattern-count-one": "{0} psi",
            "unitPattern-count-other": "{0} psi"
          },
          "proportion-karat": {
            "displayName": "К",
            "unitPattern-count-one": "{0} карат",
            "unitPattern-count-other": "{0} карат"
          },
          "speed-kilometer-per-hour": {
            "displayName": "km/h",
            "unitPattern-count-one": "{0} km/h",
            "unitPattern-count-other": "{0} km/h"
          },
          "speed-meter-per-second": {
            "displayName": "m/s",
            "unitPattern-count-one": "{0} m/s",
            "unitPattern-count-other": "{0} m/s"
          },
          "speed-mile-per-hour": {
            "displayName": "мили/ч",
            "unitPattern-count-one": "{0} миля/ч",
            "unitPattern-count-other": "{0} мили/ч"
          },
          "temperature-celsius": {
            "displayName": "°C",
            "unitPattern-count-one": "{0} °C",
            "unitPattern-count-other": "{0} °C"
          },
          "temperature-fahrenheit": {
            "displayName": "°F",
            "unitPattern-count-one": "{0} °F",
            "unitPattern-count-other": "{0} °F"
          },
          "temperature-kelvin": {
            "displayName": "K",
            "unitPattern-count-one": "{0} K",
            "unitPattern-count-other": "{0} K"
          },
          "volume-acre-foot": {
            "displayName": "акър-футове",
            "unitPattern-count-one": "{0} акър-фута",
            "unitPattern-count-other": "{0} акър-фута"
          },
          "volume-bushel": {
            "displayName": "bu",
            "unitPattern-count-other": "{0} bu"
          },
          "volume-centiliter": {
            "displayName": "cl",
            "unitPattern-count-one": "{0} cl",
            "unitPattern-count-other": "{0} cl"
          },
          "volume-cubic-centimeter": {
            "displayName": "cm³",
            "unitPattern-count-one": "{0} cm³",
            "unitPattern-count-other": "{0} cm³"
          },
          "volume-cubic-foot": {
            "displayName": "куб. футове",
            "unitPattern-count-one": "{0} куб. фута",
            "unitPattern-count-other": "{0} куб. фута"
          },
          "volume-cubic-inch": {
            "displayName": "куб. инчове",
            "unitPattern-count-one": "{0} куб. инча",
            "unitPattern-count-other": "{0} куб. инча"
          },
          "volume-cubic-kilometer": {
            "displayName": "km³",
            "unitPattern-count-one": "{0} km³",
            "unitPattern-count-other": "{0} km³"
          },
          "volume-cubic-meter": {
            "displayName": "m³",
            "unitPattern-count-one": "{0} m³",
            "unitPattern-count-other": "{0} m³"
          },
          "volume-cubic-mile": {
            "displayName": "куб. мили",
            "unitPattern-count-one": "{0} куб. миля",
            "unitPattern-count-other": "{0} куб. мили"
          },
          "volume-cubic-yard": {
            "displayName": "куб. ярдове",
            "unitPattern-count-one": "{0} куб. ярда",
            "unitPattern-count-other": "{0} куб. ярда"
          },
          "volume-cup": {
            "displayName": "чаши",
            "unitPattern-count-one": "{0} чаши",
            "unitPattern-count-other": "{0} чаши"
          },
          "volume-deciliter": {
            "displayName": "dl",
            "unitPattern-count-one": "{0} dl",
            "unitPattern-count-other": "{0} dl"
          },
          "volume-fluid-ounce": {
            "displayName": "т. унц.",
            "unitPattern-count-one": "{0} т. унц.",
            "unitPattern-count-other": "{0} т. унц."
          },
          "volume-gallon": {
            "displayName": "галони",
            "unitPattern-count-one": "{0} галона",
            "unitPattern-count-other": "{0} галона"
          },
          "volume-hectoliter": {
            "displayName": "hl",
            "unitPattern-count-one": "{0} hl",
            "unitPattern-count-other": "{0} hl"
          },
          "volume-liter": {
            "displayName": "l",
            "unitPattern-count-one": "{0} l",
            "unitPattern-count-other": "{0} l"
          },
          "volume-megaliter": {
            "displayName": "Ml",
            "unitPattern-count-one": "{0} Ml",
            "unitPattern-count-other": "{0} Ml"
          },
          "volume-milliliter": {
            "displayName": "ml",
            "unitPattern-count-one": "{0} ml",
            "unitPattern-count-other": "{0} ml"
          },
          "volume-pint": {
            "displayName": "пинти",
            "unitPattern-count-one": "{0} пинти",
            "unitPattern-count-other": "{0} пинти"
          },
          "volume-quart": {
            "displayName": "кварти",
            "unitPattern-count-one": "{0} кварти",
            "unitPattern-count-other": "{0} кварти"
          },
          "volume-tablespoon": {
            "displayName": "с. л.",
            "unitPattern-count-one": "{0} с. л.",
            "unitPattern-count-other": "{0} с. л."
          },
          "volume-teaspoon": {
            "displayName": "ч. л.",
            "unitPattern-count-one": "{0} ч. л.",
            "unitPattern-count-other": "{0} ч. л."
          }
        },
        "durationUnit-type-hm": {
          "durationUnitPattern": "h:mm"
        },
        "durationUnit-type-hms": {
          "durationUnitPattern": "h:mm:ss"
        },
        "durationUnit-type-ms": {
          "durationUnitPattern": "m:ss"
        }
      }
    }
  }
}
