{
  "main": {
    "bm": {
      "identity": {
        "version": {
          "_cldrVersion": "26",
          "_number": "$Revision: 10669 $"
        },
        "generation": {
          "_date": "$Date: 2014-07-23 16:10:33 -0500 (Wed, 23 Jul 2014) $"
        },
        "language": "bm"
      },
      "dates": {
        "calendars": {
          "gregorian": {
            "months": {
              "format": {
                "abbreviated": {
                  "1": "zan",
                  "2": "feb",
                  "3": "mar",
                  "4": "awi",
                  "5": "mɛ",
                  "6": "zuw",
                  "7": "zul",
                  "8": "uti",
                  "9": "sɛt",
                  "10": "ɔku",
                  "11": "now",
                  "12": "des"
                },
                "narrow": {
                  "1": "Z",
                  "2": "F",
                  "3": "M",
                  "4": "A",
                  "5": "M",
                  "6": "Z",
                  "7": "Z",
                  "8": "U",
                  "9": "S",
                  "10": "Ɔ",
                  "11": "N",
                  "12": "D"
                },
                "wide": {
                  "1": "zanwuye",
                  "2": "feburuye",
                  "3": "marisi",
                  "4": "awirili",
                  "5": "mɛ",
                  "6": "zuwɛn",
                  "7": "zuluye",
                  "8": "uti",
                  "9": "sɛtanburu",
                  "10": "ɔkutɔburu",
                  "11": "nowanburu",
                  "12": "desanburu"
                }
              },
              "stand-alone": {
                "abbreviated": {
                  "1": "zan",
                  "2": "feb",
                  "3": "mar",
                  "4": "awi",
                  "5": "mɛ",
                  "6": "zuw",
                  "7": "zul",
                  "8": "uti",
                  "9": "sɛt",
                  "10": "ɔku",
                  "11": "now",
                  "12": "des"
                },
                "narrow": {
                  "1": "Z",
                  "2": "F",
                  "3": "M",
                  "4": "A",
                  "5": "M",
                  "6": "Z",
                  "7": "Z",
                  "8": "U",
                  "9": "S",
                  "10": "Ɔ",
                  "11": "N",
                  "12": "D"
                },
                "wide": {
                  "1": "zanwuye",
                  "2": "feburuye",
                  "3": "marisi",
                  "4": "awirili",
                  "5": "mɛ",
                  "6": "zuwɛn",
                  "7": "zuluye",
                  "8": "uti",
                  "9": "sɛtanburu",
                  "10": "ɔkutɔburu",
                  "11": "nowanburu",
                  "12": "desanburu"
                }
              }
            },
            "days": {
              "format": {
                "abbreviated": {
                  "sun": "kar",
                  "mon": "ntɛ",
                  "tue": "tar",
                  "wed": "ara",
                  "thu": "ala",
                  "fri": "jum",
                  "sat": "sib"
                },
                "narrow": {
                  "sun": "K",
                  "mon": "N",
                  "tue": "T",
                  "wed": "A",
                  "thu": "A",
                  "fri": "J",
                  "sat": "S"
                },
                "short": {
                  "sun": "kar",
                  "mon": "ntɛ",
                  "tue": "tar",
                  "wed": "ara",
                  "thu": "ala",
                  "fri": "jum",
                  "sat": "sib"
                },
                "wide": {
                  "sun": "kari",
                  "mon": "ntɛnɛ",
                  "tue": "tarata",
                  "wed": "araba",
                  "thu": "alamisa",
                  "fri": "juma",
                  "sat": "sibiri"
                }
              },
              "stand-alone": {
                "abbreviated": {
                  "sun": "kar",
                  "mon": "ntɛ",
                  "tue": "tar",
                  "wed": "ara",
                  "thu": "ala",
                  "fri": "jum",
                  "sat": "sib"
                },
                "narrow": {
                  "sun": "K",
                  "mon": "N",
                  "tue": "T",
                  "wed": "A",
                  "thu": "A",
                  "fri": "J",
                  "sat": "S"
                },
                "short": {
                  "sun": "kar",
                  "mon": "ntɛ",
                  "tue": "tar",
                  "wed": "ara",
                  "thu": "ala",
                  "fri": "jum",
                  "sat": "sib"
                },
                "wide": {
                  "sun": "kari",
                  "mon": "ntɛnɛ",
                  "tue": "tarata",
                  "wed": "araba",
                  "thu": "alamisa",
                  "fri": "juma",
                  "sat": "sibiri"
                }
              }
            },
            "quarters": {
              "format": {
                "abbreviated": {
                  "1": "KS1",
                  "2": "KS2",
                  "3": "KS3",
                  "4": "KS4"
                },
                "narrow": {
                  "1": "1",
                  "2": "2",
                  "3": "3",
                  "4": "4"
                },
                "wide": {
                  "1": "kalo saba fɔlɔ",
                  "2": "kalo saba filanan",
                  "3": "kalo saba sabanan",
                  "4": "kalo saba naaninan"
                }
              },
              "stand-alone": {
                "abbreviated": {
                  "1": "KS1",
                  "2": "KS2",
                  "3": "KS3",
                  "4": "KS4"
                },
                "narrow": {
                  "1": "1",
                  "2": "2",
                  "3": "3",
                  "4": "4"
                },
                "wide": {
                  "1": "kalo saba fɔlɔ",
                  "2": "kalo saba filanan",
                  "3": "kalo saba sabanan",
                  "4": "kalo saba naaninan"
                }
              }
            },
            "dayPeriods": {
              "format": {
                "abbreviated": {
                  "am": "AM",
                  "noon": "noon",
                  "pm": "PM"
                },
                "narrow": {
                  "am": "a",
                  "noon": "n",
                  "pm": "p"
                },
                "wide": {
                  "am": "AM",
                  "noon": "noon",
                  "pm": "PM"
                }
              },
              "stand-alone": {
                "abbreviated": {
                  "am": "AM",
                  "noon": "noon",
                  "pm": "PM"
                },
                "narrow": {
                  "am": "a",
                  "noon": "n",
                  "pm": "p"
                },
                "wide": {
                  "am": "AM",
                  "noon": "noon",
                  "pm": "PM"
                }
              }
            },
            "eras": {
              "eraNames": {
                "0": "jezu krisiti ɲɛ",
                "0-alt-variant": "BCE",
                "1": "jezu krisiti minkɛ",
                "1-alt-variant": "CE"
              },
              "eraAbbr": {
                "0": "J.-C. ɲɛ",
                "0-alt-variant": "BCE",
                "1": "ni J.-C.",
                "1-alt-variant": "CE"
              },
              "eraNarrow": {
                "0": "J.-C. ɲɛ",
                "0-alt-variant": "BCE",
                "1": "ni J.-C.",
                "1-alt-variant": "CE"
              }
            },
            "dateFormats": {
              "full": "EEEE d MMMM y",
              "long": "d MMMM y",
              "medium": "d MMM, y",
              "short": "d/M/y"
            },
            "timeFormats": {
              "full": "HH:mm:ss zzzz",
              "long": "HH:mm:ss z",
              "medium": "HH:mm:ss",
              "short": "HH:mm"
            },
            "dateTimeFormats": {
              "full": "{1} {0}",
              "long": "{1} {0}",
              "medium": "{1} {0}",
              "short": "{1} {0}",
              "availableFormats": {
                "E": "ccc",
                "EHm": "E HH:mm",
                "EHms": "E HH:mm:ss",
                "Ed": "d, E",
                "Ehm": "E h:mm a",
                "Ehms": "E h:mm:ss a",
                "Gy": "G y",
                "GyMMM": "G y MMM",
                "GyMMMEd": "G y MMM d, E",
                "GyMMMd": "G y MMM d",
                "H": "HH",
                "Hm": "HH:mm",
                "Hms": "HH:mm:ss",
                "M": "M",
                "MEd": "MM-dd, E",
                "MMM": "MMM",
                "MMMEd": "E d MMM",
                "MMMMEd": "E d MMMM",
                "MMMMd": "d MMMM",
                "MMMd": "d MMM",
                "MMd": "d/MM",
                "MMdd": "dd/MM",
                "Md": "d/M",
                "d": "d",
                "h": "h a",
                "hm": "h:mm a",
                "hms": "h:mm:ss a",
                "ms": "m:ss",
                "y": "y",
                "yM": "M/y",
                "yMEd": "E d/M/y",
                "yMM": "MM/y",
                "yMMM": "MMM y",
                "yMMMEd": "E d MMM y",
                "yMMMM": "MMMM y",
                "yMMMd": "d MMM y",
                "yMd": "d/M/y",
                "yQQQ": "QQQ y",
                "yQQQQ": "QQQQ y"
              },
              "appendItems": {
                "Day": "{0} ({2}: {1})",
                "Day-Of-Week": "{0} {1}",
                "Era": "{1} {0}",
                "Hour": "{0} ({2}: {1})",
                "Minute": "{0} ({2}: {1})",
                "Month": "{0} ({2}: {1})",
                "Quarter": "{0} ({2}: {1})",
                "Second": "{0} ({2}: {1})",
                "Timezone": "{0} {1}",
                "Week": "{0} ({2}: {1})",
                "Year": "{1} {0}"
              },
              "intervalFormats": {
                "intervalFormatFallback": "{0} – {1}",
                "H": {
                  "H": "HH–HH"
                },
                "Hm": {
                  "H": "HH:mm–HH:mm",
                  "m": "HH:mm–HH:mm"
                },
                "Hmv": {
                  "H": "HH:mm–HH:mm v",
                  "m": "HH:mm–HH:mm v"
                },
                "Hv": {
                  "H": "HH–HH v"
                },
                "M": {
                  "M": "MM–MM"
                },
                "MEd": {
                  "M": "MM-dd, E – MM-dd, E",
                  "d": "MM-dd, E – MM-dd, E"
                },
                "MMM": {
                  "M": "LLL–LLL"
                },
                "MMMEd": {
                  "M": "MMM d, E – MMM d, E",
                  "d": "MMM d, E – MMM d, E"
                },
                "MMMd": {
                  "M": "MMM d – MMM d",
                  "d": "MMM d–d"
                },
                "Md": {
                  "M": "MM-dd – MM-dd",
                  "d": "MM-dd – MM-dd"
                },
                "d": {
                  "d": "d–d"
                },
                "h": {
                  "a": "h a – h a",
                  "h": "h–h a"
                },
                "hm": {
                  "a": "h:mm a – h:mm a",
                  "h": "h:mm–h:mm a",
                  "m": "h:mm–h:mm a"
                },
                "hmv": {
                  "a": "h:mm a – h:mm a v",
                  "h": "h:mm–h:mm a v",
                  "m": "h:mm–h:mm a v"
                },
                "hv": {
                  "a": "h a – h a v",
                  "h": "h–h a v"
                },
                "y": {
                  "y": "y–y"
                },
                "yM": {
                  "M": "y-MM – y-MM",
                  "y": "y-MM – y-MM"
                },
                "yMEd": {
                  "M": "y-MM-dd, E – y-MM-dd, E",
                  "d": "y-MM-dd, E – y-MM-dd, E",
                  "y": "y-MM-dd, E – y-MM-dd, E"
                },
                "yMMM": {
                  "M": "y MMM–MMM",
                  "y": "y MMM – y MMM"
                },
                "yMMMEd": {
                  "M": "y MMM d, E – MMM d, E",
                  "d": "y MMM d, E – MMM d, E",
                  "y": "y MMM d, E – y MMM d, E"
                },
                "yMMMM": {
                  "M": "y MMMM–MMMM",
                  "y": "y MMMM – y MMMM"
                },
                "yMMMd": {
                  "M": "y MMM d – MMM d",
                  "d": "y MMM d–d",
                  "y": "y MMM d – y MMM d"
                },
                "yMd": {
                  "M": "y-MM-dd – y-MM-dd",
                  "d": "y-MM-dd – y-MM-dd",
                  "y": "y-MM-dd – y-MM-dd"
                }
              }
            }
          }
        }
      }
    }
  }
}
