{
  "main": {
    "bm": {
      "identity": {
        "version": {
          "_cldrVersion": "26",
          "_number": "$Revision: 10669 $"
        },
        "generation": {
          "_date": "$Date: 2014-07-23 16:10:33 -0500 (Wed, 23 Jul 2014) $"
        },
        "language": "bm"
      },
      "characters": {
        "exemplarCharacters": "[a b c d e ɛ f g h i j k l m n ɲ ŋ o ɔ p r s t u w y z]",
        "auxiliary": "[q v x]",
        "punctuation": "[\\- , ; \\: ! ? . ( ) \\[ \\] \\{ \\}]",
        "index": "[A B C D E Ɛ F G H I J K L M N Ɲ Ŋ O Ɔ P R S T U W Y Z]",
        "ellipsis": {
          "initial": "…{0}",
          "medial": "{0}…{1}",
          "final": "{0}…",
          "word-initial": "… {0}",
          "word-medial": "{0} … {1}",
          "word-final": "{0} …"
        },
        "moreInformation": "?"
      }
    }
  }
}
