{
  "main": {
    "bm": {
      "identity": {
        "version": {
          "_cldrVersion": "26",
          "_number": "$Revision: 10669 $"
        },
        "generation": {
          "_date": "$Date: 2014-07-23 16:10:33 -0500 (Wed, 23 Jul 2014) $"
        },
        "language": "bm"
      },
      "localeDisplayNames": {
        "territories": {
          "001": "001",
          "002": "002",
          "003": "003",
          "005": "005",
          "009": "009",
          "011": "011",
          "013": "013",
          "014": "014",
          "015": "015",
          "017": "017",
          "018": "018",
          "019": "019",
          "021": "021",
          "029": "029",
          "030": "030",
          "034": "034",
          "035": "035",
          "039": "039",
          "053": "053",
          "054": "054",
          "057": "057",
          "061": "061",
          "142": "142",
          "143": "143",
          "145": "145",
          "150": "150",
          "151": "151",
          "154": "154",
          "155": "155",
          "419": "419",
          "AC": "AC",
          "AD": "Andɔr",
          "AE": "Arabu mara kafoli",
          "AF": "Afiganistaŋ",
          "AG": "Antiga-ni-Barbuda",
          "AI": "Angiya",
          "AL": "Alibani",
          "AM": "Arimeni",
          "AN": "Peyiba ka Antiyi",
          "AO": "Angola",
          "AQ": "AQ",
          "AR": "Arizantin",
          "AS": "Samowa amerikani",
          "AT": "Otirisi",
          "AU": "Ositirali",
          "AW": "Aruba",
          "AX": "AX",
          "AZ": "Azɛrbayjaŋ",
          "BA": "Bozni-Ɛrizigovini",
          "BB": "Barbadi",
          "BD": "Bɛngiladɛsi",
          "BE": "Bɛliziki",
          "BF": "Burukina Faso",
          "BG": "Buligari",
          "BH": "Bareyini",
          "BI": "Burundi",
          "BJ": "Benɛn",
          "BL": "BL",
          "BM": "Bermudi",
          "BN": "Burinɛyi",
          "BO": "Bolivi",
          "BQ": "BQ",
          "BR": "Berezili",
          "BS": "Bahamasi",
          "BT": "Butaŋ",
          "BV": "BV",
          "BW": "Bɔtisiwana",
          "BY": "Belarusi",
          "BZ": "Belizi",
          "CA": "Kanada",
          "CC": "CC",
          "CD": "Kongo ka republiki demɔkratiki",
          "CD-alt-variant": "CD",
          "CF": "Santarafiriki",
          "CG": "Kongo",
          "CG-alt-variant": "CG",
          "CH": "Suwisi",
          "CI": "Kodiwari",
          "CI-alt-variant": "CI",
          "CK": "Kuki Gun",
          "CL": "Sili",
          "CM": "Kameruni",
          "CN": "Siniwajamana",
          "CO": "Kolombi",
          "CP": "CP",
          "CR": "Kɔsitarika",
          "CU": "Kuba",
          "CV": "Capivɛrdi",
          "CW": "CW",
          "CX": "CX",
          "CY": "Cipri",
          "CZ": "Ceki republiki",
          "DE": "Alimaɲi",
          "DG": "DG",
          "DJ": "Jibuti",
          "DK": "Danemarki",
          "DM": "Dɔminiki",
          "DO": "Dɔmimiki republiki",
          "DZ": "Alizeri",
          "EA": "EA",
          "EC": "Ekwatɔr",
          "EE": "Esetoni",
          "EG": "Eziputi",
          "EH": "EH",
          "ER": "Eritere",
          "ES": "Esipaɲi",
          "ET": "Etiopi",
          "EU": "EU",
          "FI": "Finilandi",
          "FJ": "Fiji",
          "FK": "Maluwini Gun",
          "FK-alt-variant": "FK",
          "FM": "Mikironesi",
          "FO": "FO",
          "FR": "Faransi",
          "GA": "Gabɔŋ",
          "GB": "Angilɛtɛri",
          "GB-alt-short": "GB",
          "GD": "Granadi",
          "GE": "Zeyɔrzi",
          "GF": "Faransi ka gwiyani",
          "GG": "GG",
          "GH": "Gana",
          "GI": "Zibralitari",
          "GL": "Gɔrɔhenelandi",
          "GM": "Ganbi",
          "GN": "Gine",
          "GP": "Gwadelup",
          "GQ": "Gine ekwatɔri",
          "GR": "Gɛrɛsi",
          "GS": "GS",
          "GT": "Gwatemala",
          "GU": "Gwam",
          "GW": "Gine Bisawo",
          "GY": "Gwiyana",
          "HK": "HK",
          "HK-alt-short": "HK",
          "HM": "HM",
          "HN": "Hɔndirasi",
          "HR": "Kroasi",
          "HT": "Ayiti",
          "HU": "Hɔngri",
          "IC": "IC",
          "ID": "Ɛndonezi",
          "IE": "Irilandi",
          "IL": "Isirayeli",
          "IM": "IM",
          "IN": "Ɛndujamana",
          "IO": "Angilɛ ka ɛndu dugukolo",
          "IQ": "Iraki",
          "IR": "Iraŋ",
          "IS": "Isilandi",
          "IT": "Itali",
          "JE": "JE",
          "JM": "Zamayiki",
          "JO": "Zɔrdani",
          "JP": "Zapɔn",
          "KE": "Keniya",
          "KG": "Kirigizisitaŋ",
          "KH": "Kamboji",
          "KI": "Kiribati",
          "KM": "Komɔri",
          "KN": "Kristɔfo-Senu-ni-Ɲevɛs",
          "KP": "Kɛɲɛka Kore",
          "KR": "Worodugu Kore",
          "KW": "Kowɛti",
          "KY": "Bama Gun",
          "KZ": "Kazakistaŋ",
          "LA": "Layosi",
          "LB": "Libaŋ",
          "LC": "Lusi-Senu",
          "LI": "Lisɛnsitayini",
          "LK": "Sirilanka",
          "LR": "Liberiya",
          "LS": "Lesoto",
          "LT": "Lituyani",
          "LU": "Likisanburu",
          "LV": "Letoni",
          "LY": "Libi",
          "MA": "Marɔku",
          "MC": "Monako",
          "MD": "Molidavi",
          "ME": "ME",
          "MF": "MF",
          "MG": "Madagasikari",
          "MH": "Marisali Gun",
          "MK": "Macedɔni",
          "MK-alt-variant": "MK",
          "ML": "Mali",
          "MM": "Myanimari",
          "MN": "Moŋoli",
          "MO": "MO",
          "MO-alt-short": "MO",
          "MP": "Kɛɲɛka Mariyani Gun",
          "MQ": "Maritiniki",
          "MR": "Mɔritani",
          "MS": "Moŋsera",
          "MT": "Malti",
          "MU": "Morisi",
          "MV": "Maldivi",
          "MW": "Malawi",
          "MX": "Meksiki",
          "MY": "Malɛzi",
          "MZ": "Mozanbiki",
          "NA": "Namibi",
          "NC": "Kaledoni Koura",
          "NE": "Nizɛri",
          "NF": "Nɔrofoliki Gun",
          "NG": "Nizeriya",
          "NI": "Nikaragwa",
          "NL": "Peyiba",
          "NO": "Nɔriwɛzi",
          "NP": "Nepali",
          "NR": "Nawuru",
          "NU": "Nyuwe",
          "NZ": "Zelandi Koura",
          "OM": "Omaŋ",
          "PA": "Panama",
          "PE": "Peru",
          "PF": "Faransi ka polinezi",
          "PG": "Papuwasi-Gine-Koura",
          "PH": "Filipini",
          "PK": "Pakisitaŋ",
          "PL": "Poloɲi",
          "PM": "Piyɛri-Senu-ni-Mikelɔŋ",
          "PN": "Pitikarini",
          "PR": "Pɔrotoriko",
          "PS": "Palesitini",
          "PS-alt-short": "PS",
          "PT": "Pɔritigali",
          "PW": "Palawu",
          "PY": "Paraguwayi",
          "QA": "Katari",
          "QO": "QO",
          "RE": "Reyuɲɔŋ",
          "RO": "Rumani",
          "RS": "RS",
          "RU": "Irisi",
          "RW": "Ruwanda",
          "SA": "Arabiya Sawudiya",
          "SB": "Salomo Gun",
          "SC": "Sesɛli",
          "SD": "Sudaŋ",
          "SE": "Suwɛdi",
          "SG": "Sɛngapuri",
          "SH": "Ɛlɛni Senu",
          "SI": "Sloveni",
          "SJ": "SJ",
          "SK": "Slowaki",
          "SL": "Siyera Lewɔni",
          "SM": "Marini-Senu",
          "SN": "Senegali",
          "SO": "Somali",
          "SR": "Surinami",
          "SS": "SS",
          "ST": "Sawo Tome-ni-Prinicipe",
          "SV": "Salivadɔr",
          "SX": "SX",
          "SY": "Siri",
          "SZ": "Swazilandi",
          "TA": "TA",
          "TC": "Turiki Gun ni Kayiki",
          "TD": "Cadi",
          "TF": "TF",
          "TG": "Togo",
          "TH": "Tayilandi",
          "TJ": "Tajikisitani",
          "TK": "Tokelo",
          "TL": "Kɔrɔn Timɔr",
          "TL-alt-variant": "TL",
          "TM": "Turikimenisitani",
          "TN": "Tunizi",
          "TO": "Tonga",
          "TR": "Turiki",
          "TT": "Trinite-ni-Tobago",
          "TV": "Tuvalu",
          "TW": "Tayiwani",
          "TZ": "Tanzani",
          "UA": "Ukɛrɛni",
          "UG": "Uganda",
          "UM": "UM",
          "US": "Ameriki",
          "US-alt-short": "US",
          "UY": "Urugwayi",
          "UZ": "Uzebekisitani",
          "VA": "Vatikaŋ",
          "VC": "Vinisɛn-Senu-ni-Grenadini",
          "VE": "Venezuwela",
          "VG": "Angilɛ ka Sungurunnin Gun",
          "VI": "Ameriki ka Sungurunnin Gun",
          "VN": "Wiyɛtinamu",
          "VU": "Vanuwatu",
          "WF": "Walisi-ni-Futuna",
          "WS": "Samowa",
          "XK": "XK",
          "YE": "Yemɛni",
          "YT": "Mayoti",
          "ZA": "Worodugu Afriki",
          "ZM": "Zanbi",
          "ZW": "Zimbabuwe",
          "ZZ": "ZZ"
        }
      }
    }
  }
}
