{
  "main": {
    "bg": {
      "identity": {
        "version": {
          "_cldrVersion": "26",
          "_number": "$Revision: 10809 $"
        },
        "generation": {
          "_date": "$Date: 2014-08-14 15:10:07 -0500 (Thu, 14 Aug 2014) $"
        },
        "language": "bg"
      },
      "dates": {
        "calendars": {
          "gregorian": {
            "months": {
              "format": {
                "abbreviated": {
                  "1": "ян.",
                  "2": "февр.",
                  "3": "март",
                  "4": "апр.",
                  "5": "май",
                  "6": "юни",
                  "7": "юли",
                  "8": "авг.",
                  "9": "септ.",
                  "10": "окт.",
                  "11": "ноем.",
                  "12": "дек."
                },
                "narrow": {
                  "1": "я",
                  "2": "ф",
                  "3": "м",
                  "4": "а",
                  "5": "м",
                  "6": "ю",
                  "7": "ю",
                  "8": "а",
                  "9": "с",
                  "10": "о",
                  "11": "н",
                  "12": "д"
                },
                "wide": {
                  "1": "януари",
                  "2": "февруари",
                  "3": "март",
                  "4": "април",
                  "5": "май",
                  "6": "юни",
                  "7": "юли",
                  "8": "август",
                  "9": "септември",
                  "10": "октомври",
                  "11": "ноември",
                  "12": "декември"
                }
              },
              "stand-alone": {
                "abbreviated": {
                  "1": "ян.",
                  "2": "февр.",
                  "3": "март",
                  "4": "апр.",
                  "5": "май",
                  "6": "юни",
                  "7": "юли",
                  "8": "авг.",
                  "9": "септ.",
                  "10": "окт.",
                  "11": "ноем.",
                  "12": "дек."
                },
                "narrow": {
                  "1": "я",
                  "2": "ф",
                  "3": "м",
                  "4": "а",
                  "5": "м",
                  "6": "ю",
                  "7": "ю",
                  "8": "а",
                  "9": "с",
                  "10": "о",
                  "11": "н",
                  "12": "д"
                },
                "wide": {
                  "1": "януари",
                  "2": "февруари",
                  "3": "март",
                  "4": "април",
                  "5": "май",
                  "6": "юни",
                  "7": "юли",
                  "8": "август",
                  "9": "септември",
                  "10": "октомври",
                  "11": "ноември",
                  "12": "декември"
                }
              }
            },
            "days": {
              "format": {
                "abbreviated": {
                  "sun": "нд",
                  "mon": "пн",
                  "tue": "вт",
                  "wed": "ср",
                  "thu": "чт",
                  "fri": "пт",
                  "sat": "сб"
                },
                "narrow": {
                  "sun": "н",
                  "mon": "п",
                  "tue": "в",
                  "wed": "с",
                  "thu": "ч",
                  "fri": "п",
                  "sat": "с"
                },
                "short": {
                  "sun": "нд",
                  "mon": "пн",
                  "tue": "вт",
                  "wed": "ср",
                  "thu": "чт",
                  "fri": "пт",
                  "sat": "сб"
                },
                "wide": {
                  "sun": "неделя",
                  "mon": "понеделник",
                  "tue": "вторник",
                  "wed": "сряда",
                  "thu": "четвъртък",
                  "fri": "петък",
                  "sat": "събота"
                }
              },
              "stand-alone": {
                "abbreviated": {
                  "sun": "нд",
                  "mon": "пн",
                  "tue": "вт",
                  "wed": "ср",
                  "thu": "чт",
                  "fri": "пт",
                  "sat": "сб"
                },
                "narrow": {
                  "sun": "н",
                  "mon": "п",
                  "tue": "в",
                  "wed": "с",
                  "thu": "ч",
                  "fri": "п",
                  "sat": "с"
                },
                "short": {
                  "sun": "нд",
                  "mon": "пн",
                  "tue": "вт",
                  "wed": "ср",
                  "thu": "чт",
                  "fri": "пт",
                  "sat": "сб"
                },
                "wide": {
                  "sun": "неделя",
                  "mon": "понеделник",
                  "tue": "вторник",
                  "wed": "сряда",
                  "thu": "четвъртък",
                  "fri": "петък",
                  "sat": "събота"
                }
              }
            },
            "quarters": {
              "format": {
                "abbreviated": {
                  "1": "1. трим.",
                  "2": "2. трим.",
                  "3": "3. трим.",
                  "4": "4. трим."
                },
                "narrow": {
                  "1": "1",
                  "2": "2",
                  "3": "3",
                  "4": "4"
                },
                "wide": {
                  "1": "1. тримесечие",
                  "2": "2. тримесечие",
                  "3": "3. тримесечие",
                  "4": "4. тримесечие"
                }
              },
              "stand-alone": {
                "abbreviated": {
                  "1": "1. трим.",
                  "2": "2. трим.",
                  "3": "3. трим.",
                  "4": "4. трим."
                },
                "narrow": {
                  "1": "1",
                  "2": "2",
                  "3": "3",
                  "4": "4"
                },
                "wide": {
                  "1": "1. тримесечие",
                  "2": "2. тримесечие",
                  "3": "3. тримесечие",
                  "4": "4. тримесечие"
                }
              }
            },
            "dayPeriods": {
              "format": {
                "abbreviated": {
                  "am": "пр.об.",
                  "noon": "пладне",
                  "pm": "сл.об."
                },
                "narrow": {
                  "am": "пр.об.",
                  "noon": "пл.",
                  "pm": "сл.об."
                },
                "wide": {
                  "am": "пр.об.",
                  "noon": "пладне",
                  "pm": "сл.об."
                }
              },
              "stand-alone": {
                "abbreviated": {
                  "am": "пр.об.",
                  "noon": "пладне",
                  "pm": "сл.об."
                },
                "narrow": {
                  "am": "пр.об.",
                  "noon": "пл.",
                  "pm": "сл.об."
                },
                "wide": {
                  "am": "пр.об.",
                  "noon": "пладне",
                  "pm": "сл.об."
                }
              }
            },
            "eras": {
              "eraNames": {
                "0": "преди Христа",
                "0-alt-variant": "преди новата ера",
                "1": "след Христа",
                "1-alt-variant": "след новата ера"
              },
              "eraAbbr": {
                "0": "пр.Хр.",
                "0-alt-variant": "пр.н.е.",
                "1": "сл.Хр.",
                "1-alt-variant": "сл.н.е."
              },
              "eraNarrow": {
                "0": "пр.Хр.",
                "0-alt-variant": "пр.н.е.",
                "1": "сл.н.е.",
                "1-alt-variant": "сл.н.е."
              }
            },
            "dateFormats": {
              "full": "EEEE, d MMMM y 'г'.",
              "long": "d MMMM y 'г'.",
              "medium": "d.MM.y 'г'.",
              "short": "d.MM.yy 'г'."
            },
            "timeFormats": {
              "full": "H:mm:ss zzzz",
              "long": "H:mm:ss z",
              "medium": "H:mm:ss",
              "short": "H:mm"
            },
            "dateTimeFormats": {
              "full": "{1}, {0}",
              "long": "{1}, {0}",
              "medium": "{1}, {0}",
              "short": "{1}, {0}",
              "availableFormats": {
                "E": "ccc",
                "EHm": "E, HH:mm",
                "EHms": "E, H:mm:ss",
                "Ed": "E, d",
                "Ehm": "E, h:mm a",
                "Ehms": "E, h:mm:ss a",
                "Gy": "y 'г'. G",
                "GyMMM": "MM.y 'г'. G",
                "GyMMMEd": "E, d.MM.y 'г'. G",
                "GyMMMM": "MMMM y 'г'. G",
                "GyMMMMEd": "E, d MMMM y 'г'. G",
                "GyMMMMd": "d MMMM y 'г'. G",
                "GyMMMd": "d.MM.y 'г'. G",
                "H": "H",
                "Hm": "H:mm",
                "Hms": "H:mm:ss",
                "M": "L",
                "MEd": "E, d.MM",
                "MMM": "MM",
                "MMMEd": "E, d.MM",
                "MMMM": "LLLL",
                "MMMMEd": "E, d MMMM",
                "MMMMd": "d MMMM",
                "MMMMdd": "d MMMM",
                "MMMd": "d.MM",
                "Md": "d.MM",
                "d": "d",
                "h": "h a",
                "hm": "h:mm a",
                "hms": "h:mm:ss a",
                "ms": "m:ss",
                "y": "y 'г'.",
                "yM": "M.y 'г'.",
                "yMEd": "E, d.MM.y 'г'.",
                "yMMM": "MM.y 'г'.",
                "yMMMEd": "E, d.MM.y 'г'.",
                "yMMMM": "MMMM y 'г'.",
                "yMMMMEd": "E, d MMMM y 'г'.",
                "yMMMMd": "d MMMM y 'г'.",
                "yMMMd": "d.MM.y 'г'.",
                "yMd": "d.MM.y 'г'.",
                "yQQQ": "QQQ y 'г'.",
                "yQQQQ": "QQQQ y 'г'."
              },
              "appendItems": {
                "Day": "{0} ({2}: {1})",
                "Day-Of-Week": "{0} {1}",
                "Era": "{1} {0}",
                "Hour": "{0} ({2}: {1})",
                "Minute": "{0} ({2}: {1})",
                "Month": "{0} ({2}: {1})",
                "Quarter": "{0} ({2}: {1})",
                "Second": "{0} ({2}: {1})",
                "Timezone": "{0} {1}",
                "Week": "{0} ({2}: {1})",
                "Year": "{1} {0}"
              },
              "intervalFormats": {
                "intervalFormatFallback": "{0} – {1}",
                "H": {
                  "H": "H – H"
                },
                "Hm": {
                  "H": "H:mm – H:mm",
                  "m": "H:mm – H:mm"
                },
                "Hmv": {
                  "H": "H:mm – H:mm v",
                  "m": "H:mm – H:mm v"
                },
                "Hv": {
                  "H": "H – H v"
                },
                "M": {
                  "M": "M – M"
                },
                "MEd": {
                  "M": "E, d.MM – E, d.MM",
                  "d": "E, d.MM – E, d.MM"
                },
                "MMM": {
                  "M": "MM – MM"
                },
                "MMMEd": {
                  "M": "E, d.MM – E, d.MM",
                  "d": "E, d.MM – E, d.MM"
                },
                "MMMM": {
                  "M": "LLLL – LLLL"
                },
                "MMMMEd": {
                  "M": "E, d MMMM – E, d MMMM",
                  "d": "E, d MMMM – E, d MMMM"
                },
                "MMMMd": {
                  "M": "d MMMM – d MMMM",
                  "d": "d – d MMMM"
                },
                "MMMd": {
                  "M": "d.MM – d.MM",
                  "d": "d.MM – d.MM"
                },
                "Md": {
                  "M": "d.MM – d.MM",
                  "d": "d.MM – d.MM"
                },
                "d": {
                  "d": "d – d"
                },
                "h": {
                  "a": "h a – h a",
                  "h": "h – h a"
                },
                "hm": {
                  "a": "h:mm a – h:mm a",
                  "h": "h:mm – h:mm a",
                  "m": "h:mm – h:mm a"
                },
                "hmv": {
                  "a": "h:mm a – h:mm a v",
                  "h": "h:mm a – h:mm a v",
                  "m": "h:mm a – h:mm a v"
                },
                "hv": {
                  "a": "h a – h a v",
                  "h": "h – h a v"
                },
                "y": {
                  "y": "y – y 'г'."
                },
                "yM": {
                  "M": "MM.y 'г'. – MM.y 'г'.",
                  "y": "MM.y 'г'. – MM.y 'г'."
                },
                "yMEd": {
                  "M": "E, d.MM – E, d.MM.y 'г'.",
                  "d": "E, d.MM – E, d.MM.y 'г'.",
                  "y": "E, d.MM.y 'г'. – E, d.MM.y 'г'."
                },
                "yMMM": {
                  "M": "MM.y 'г'. – MM.y 'г'.",
                  "y": "MM.y 'г'. – MM.y 'г'."
                },
                "yMMMEd": {
                  "M": "E, d.MM – E, d.MM.y 'г'.",
                  "d": "E, d.MM – E, d.MM.y 'г'.",
                  "y": "E, d.MM.y 'г'. – E, d.MM.y 'г'."
                },
                "yMMMM": {
                  "M": "MMMM – MMMM y 'г'.",
                  "y": "MMMM y 'г'. – MMMM y 'г'."
                },
                "yMMMMEd": {
                  "M": "E, d MMMM – E, d MMMM y 'г'.",
                  "d": "E, d MMMM – E, d MMMM y 'г'.",
                  "y": "E, d MMMM y 'г'. – E, d MMMM y 'г'."
                },
                "yMMMMd": {
                  "M": "d MMMM – d MMMM y 'г'.",
                  "d": "d – d MMMM y 'г'.",
                  "y": "d MMMM y 'г'. – d MMMM y 'г'."
                },
                "yMMMd": {
                  "M": "d.MM – d.MM.y 'г'.",
                  "d": "d.MM – d.MM.y 'г'.",
                  "y": "d.MM.y 'г'. – d.MM.y 'г'."
                },
                "yMd": {
                  "M": "d.MM – d.MM.y 'г'.",
                  "d": "d.MM – d.MM.y 'г'.",
                  "y": "d.MM.y 'г'. – d.MM.y 'г'."
                }
              }
            }
          }
        }
      }
    }
  }
}
