{
  "main": {
    "be": {
      "identity": {
        "version": {
          "_cldrVersion": "26",
          "_number": "$Revision: 10739 $"
        },
        "generation": {
          "_date": "$Date: 2014-08-07 12:54:13 -0500 (Thu, 07 Aug 2014) $"
        },
        "language": "be"
      },
      "dates": {
        "calendars": {
          "chinese": {
            "months": {
              "format": {
                "abbreviated": {
                  "1": "M01",
                  "2": "M02",
                  "3": "M03",
                  "4": "M04",
                  "5": "M05",
                  "6": "M06",
                  "7": "M07",
                  "8": "M08",
                  "9": "M09",
                  "10": "M10",
                  "11": "M11",
                  "12": "M12"
                },
                "narrow": {
                  "1": "1",
                  "2": "2",
                  "3": "3",
                  "4": "4",
                  "5": "5",
                  "6": "6",
                  "7": "7",
                  "8": "8",
                  "9": "9",
                  "10": "10",
                  "11": "11",
                  "12": "12"
                },
                "wide": {
                  "1": "M01",
                  "2": "M02",
                  "3": "M03",
                  "4": "M04",
                  "5": "M05",
                  "6": "M06",
                  "7": "M07",
                  "8": "M08",
                  "9": "M09",
                  "10": "M10",
                  "11": "M11",
                  "12": "M12"
                }
              },
              "stand-alone": {
                "abbreviated": {
                  "1": "M01",
                  "2": "M02",
                  "3": "M03",
                  "4": "M04",
                  "5": "M05",
                  "6": "M06",
                  "7": "M07",
                  "8": "M08",
                  "9": "M09",
                  "10": "M10",
                  "11": "M11",
                  "12": "M12"
                },
                "narrow": {
                  "1": "1",
                  "2": "2",
                  "3": "3",
                  "4": "4",
                  "5": "5",
                  "6": "6",
                  "7": "7",
                  "8": "8",
                  "9": "9",
                  "10": "10",
                  "11": "11",
                  "12": "12"
                },
                "wide": {
                  "1": "M01",
                  "2": "M02",
                  "3": "M03",
                  "4": "M04",
                  "5": "M05",
                  "6": "M06",
                  "7": "M07",
                  "8": "M08",
                  "9": "M09",
                  "10": "M10",
                  "11": "M11",
                  "12": "M12"
                }
              }
            },
            "monthPatterns": {
              "format": {
                "abbreviated": {
                  "leap": "{0}bis"
                },
                "narrow": {
                  "leap": "{0}b"
                },
                "wide": {
                  "leap": "{0}bis"
                }
              },
              "stand-alone": {
                "abbreviated": {
                  "leap": "{0}bis"
                },
                "narrow": {
                  "leap": "{0}b"
                },
                "wide": {
                  "leap": "{0}bis"
                }
              },
              "numeric": {
                "all": {
                  "leap": "{0}bis"
                }
              }
            },
            "days": {
              "format": {
                "abbreviated": {
                  "sun": "нд",
                  "mon": "пн",
                  "tue": "аў",
                  "wed": "ср",
                  "thu": "чц",
                  "fri": "пт",
                  "sat": "сб"
                },
                "narrow": {
                  "sun": "н",
                  "mon": "п",
                  "tue": "а",
                  "wed": "с",
                  "thu": "ч",
                  "fri": "п",
                  "sat": "с"
                },
                "short": {
                  "sun": "нд",
                  "mon": "пн",
                  "tue": "аў",
                  "wed": "ср",
                  "thu": "чц",
                  "fri": "пт",
                  "sat": "сб"
                },
                "wide": {
                  "sun": "нядзеля",
                  "mon": "панядзелак",
                  "tue": "аўторак",
                  "wed": "серада",
                  "thu": "чацвер",
                  "fri": "пятніца",
                  "sat": "субота"
                }
              },
              "stand-alone": {
                "abbreviated": {
                  "sun": "нд",
                  "mon": "пн",
                  "tue": "аў",
                  "wed": "ср",
                  "thu": "чц",
                  "fri": "пт",
                  "sat": "сб"
                },
                "narrow": {
                  "sun": "н",
                  "mon": "п",
                  "tue": "а",
                  "wed": "с",
                  "thu": "ч",
                  "fri": "п",
                  "sat": "с"
                },
                "short": {
                  "sun": "нд",
                  "mon": "пн",
                  "tue": "аў",
                  "wed": "ср",
                  "thu": "чц",
                  "fri": "пт",
                  "sat": "сб"
                },
                "wide": {
                  "sun": "нядзеля",
                  "mon": "панядзелак",
                  "tue": "аўторак",
                  "wed": "серада",
                  "thu": "чацвер",
                  "fri": "пятніца",
                  "sat": "субота"
                }
              }
            },
            "quarters": {
              "format": {
                "abbreviated": {
                  "1": "1-шы кв.",
                  "2": "2-гі кв.",
                  "3": "3-ці кв.",
                  "4": "4-ты кв."
                },
                "narrow": {
                  "1": "1",
                  "2": "2",
                  "3": "3",
                  "4": "4"
                },
                "wide": {
                  "1": "1-шы квартал",
                  "2": "2-гі квартал",
                  "3": "3-ці квартал",
                  "4": "4-ты квартал"
                }
              },
              "stand-alone": {
                "abbreviated": {
                  "1": "1-шы кв.",
                  "2": "2-гі кв.",
                  "3": "3-ці кв.",
                  "4": "4-ты кв."
                },
                "narrow": {
                  "1": "1",
                  "2": "2",
                  "3": "3",
                  "4": "4"
                },
                "wide": {
                  "1": "1-шы квартал",
                  "2": "2-гі квартал",
                  "3": "3-ці квартал",
                  "4": "4-ты квартал"
                }
              }
            },
            "dayPeriods": {
              "format": {
                "abbreviated": {
                  "am": "да палудня",
                  "noon": "noon",
                  "pm": "пасля палудня"
                },
                "narrow": {
                  "am": "a",
                  "noon": "n",
                  "pm": "p"
                },
                "wide": {
                  "am": "да палудня",
                  "noon": "noon",
                  "pm": "пасля палудня"
                }
              },
              "stand-alone": {
                "abbreviated": {
                  "am": "раніцы",
                  "noon": "noon",
                  "pm": "вечара"
                },
                "narrow": {
                  "am": "a",
                  "noon": "n",
                  "pm": "p"
                },
                "wide": {
                  "am": "да палудня",
                  "noon": "noon",
                  "pm": "пасля палудня"
                }
              }
            },
            "cyclicNameSets": {
              "years": {
                "format": {
                  "abbreviated": {
                    "1": "jia-zi",
                    "10": "gui-you",
                    "11": "jia-xu",
                    "12": "yi-hai",
                    "13": "bing-zi",
                    "14": "ding-chou",
                    "15": "wu-yin",
                    "16": "ji-mao",
                    "17": "geng-chen",
                    "18": "xin-si",
                    "19": "ren-wu",
                    "2": "yi-chou",
                    "20": "gui-wei",
                    "21": "jia-shen",
                    "22": "yi-you",
                    "23": "bing-xu",
                    "24": "ding-hai",
                    "25": "wu-zi",
                    "26": "ji-chou",
                    "27": "geng-yin",
                    "28": "xin-mao",
                    "29": "ren-chen",
                    "3": "bing-yin",
                    "30": "gui-si",
                    "31": "jia-wu",
                    "32": "yi-wei",
                    "33": "bing-shen",
                    "34": "ding-you",
                    "35": "wu-xu",
                    "36": "ji-hai",
                    "37": "geng-zi",
                    "38": "xin-chou",
                    "39": "ren-yin",
                    "4": "ding-mao",
                    "40": "gui-mao",
                    "41": "jia-chen",
                    "42": "yi-si",
                    "43": "bing-wu",
                    "44": "ding-wei",
                    "45": "wu-shen",
                    "46": "ji-you",
                    "47": "geng-xu",
                    "48": "xin-hai",
                    "49": "ren-zi",
                    "5": "wu-chen",
                    "50": "gui-chou",
                    "51": "jia-yin",
                    "52": "yi-mao",
                    "53": "bing-chen",
                    "54": "ding-si",
                    "55": "wu-wu",
                    "56": "ji-wei",
                    "57": "geng-shen",
                    "58": "xin-you",
                    "59": "ren-xu",
                    "6": "ji-si",
                    "60": "gui-hai",
                    "7": "geng-wu",
                    "8": "xin-wei",
                    "9": "ren-shen"
                  },
                  "narrow": {
                    "1": "jia-zi",
                    "10": "gui-you",
                    "11": "jia-xu",
                    "12": "yi-hai",
                    "13": "bing-zi",
                    "14": "ding-chou",
                    "15": "wu-yin",
                    "16": "ji-mao",
                    "17": "geng-chen",
                    "18": "xin-si",
                    "19": "ren-wu",
                    "2": "yi-chou",
                    "20": "gui-wei",
                    "21": "jia-shen",
                    "22": "yi-you",
                    "23": "bing-xu",
                    "24": "ding-hai",
                    "25": "wu-zi",
                    "26": "ji-chou",
                    "27": "geng-yin",
                    "28": "xin-mao",
                    "29": "ren-chen",
                    "3": "bing-yin",
                    "30": "gui-si",
                    "31": "jia-wu",
                    "32": "yi-wei",
                    "33": "bing-shen",
                    "34": "ding-you",
                    "35": "wu-xu",
                    "36": "ji-hai",
                    "37": "geng-zi",
                    "38": "xin-chou",
                    "39": "ren-yin",
                    "4": "ding-mao",
                    "40": "gui-mao",
                    "41": "jia-chen",
                    "42": "yi-si",
                    "43": "bing-wu",
                    "44": "ding-wei",
                    "45": "wu-shen",
                    "46": "ji-you",
                    "47": "geng-xu",
                    "48": "xin-hai",
                    "49": "ren-zi",
                    "5": "wu-chen",
                    "50": "gui-chou",
                    "51": "jia-yin",
                    "52": "yi-mao",
                    "53": "bing-chen",
                    "54": "ding-si",
                    "55": "wu-wu",
                    "56": "ji-wei",
                    "57": "geng-shen",
                    "58": "xin-you",
                    "59": "ren-xu",
                    "6": "ji-si",
                    "60": "gui-hai",
                    "7": "geng-wu",
                    "8": "xin-wei",
                    "9": "ren-shen"
                  },
                  "wide": {
                    "1": "jia-zi",
                    "10": "gui-you",
                    "11": "jia-xu",
                    "12": "yi-hai",
                    "13": "bing-zi",
                    "14": "ding-chou",
                    "15": "wu-yin",
                    "16": "ji-mao",
                    "17": "geng-chen",
                    "18": "xin-si",
                    "19": "ren-wu",
                    "2": "yi-chou",
                    "20": "gui-wei",
                    "21": "jia-shen",
                    "22": "yi-you",
                    "23": "bing-xu",
                    "24": "ding-hai",
                    "25": "wu-zi",
                    "26": "ji-chou",
                    "27": "geng-yin",
                    "28": "xin-mao",
                    "29": "ren-chen",
                    "3": "bing-yin",
                    "30": "gui-si",
                    "31": "jia-wu",
                    "32": "yi-wei",
                    "33": "bing-shen",
                    "34": "ding-you",
                    "35": "wu-xu",
                    "36": "ji-hai",
                    "37": "geng-zi",
                    "38": "xin-chou",
                    "39": "ren-yin",
                    "4": "ding-mao",
                    "40": "gui-mao",
                    "41": "jia-chen",
                    "42": "yi-si",
                    "43": "bing-wu",
                    "44": "ding-wei",
                    "45": "wu-shen",
                    "46": "ji-you",
                    "47": "geng-xu",
                    "48": "xin-hai",
                    "49": "ren-zi",
                    "5": "wu-chen",
                    "50": "gui-chou",
                    "51": "jia-yin",
                    "52": "yi-mao",
                    "53": "bing-chen",
                    "54": "ding-si",
                    "55": "wu-wu",
                    "56": "ji-wei",
                    "57": "geng-shen",
                    "58": "xin-you",
                    "59": "ren-xu",
                    "6": "ji-si",
                    "60": "gui-hai",
                    "7": "geng-wu",
                    "8": "xin-wei",
                    "9": "ren-shen"
                  }
                }
              },
              "months": {
                "format": {
                  "abbreviated": {
                    "1": "jia-zi",
                    "10": "gui-you",
                    "11": "jia-xu",
                    "12": "yi-hai",
                    "13": "bing-zi",
                    "14": "ding-chou",
                    "15": "wu-yin",
                    "16": "ji-mao",
                    "17": "geng-chen",
                    "18": "xin-si",
                    "19": "ren-wu",
                    "2": "yi-chou",
                    "20": "gui-wei",
                    "21": "jia-shen",
                    "22": "yi-you",
                    "23": "bing-xu",
                    "24": "ding-hai",
                    "25": "wu-zi",
                    "26": "ji-chou",
                    "27": "geng-yin",
                    "28": "xin-mao",
                    "29": "ren-chen",
                    "3": "bing-yin",
                    "30": "gui-si",
                    "31": "jia-wu",
                    "32": "yi-wei",
                    "33": "bing-shen",
                    "34": "ding-you",
                    "35": "wu-xu",
                    "36": "ji-hai",
                    "37": "geng-zi",
                    "38": "xin-chou",
                    "39": "ren-yin",
                    "4": "ding-mao",
                    "40": "gui-mao",
                    "41": "jia-chen",
                    "42": "yi-si",
                    "43": "bing-wu",
                    "44": "ding-wei",
                    "45": "wu-shen",
                    "46": "ji-you",
                    "47": "geng-xu",
                    "48": "xin-hai",
                    "49": "ren-zi",
                    "5": "wu-chen",
                    "50": "gui-chou",
                    "51": "jia-yin",
                    "52": "yi-mao",
                    "53": "bing-chen",
                    "54": "ding-si",
                    "55": "wu-wu",
                    "56": "ji-wei",
                    "57": "geng-shen",
                    "58": "xin-you",
                    "59": "ren-xu",
                    "6": "ji-si",
                    "60": "gui-hai",
                    "7": "geng-wu",
                    "8": "xin-wei",
                    "9": "ren-shen"
                  },
                  "narrow": {
                    "1": "jia-zi",
                    "10": "gui-you",
                    "11": "jia-xu",
                    "12": "yi-hai",
                    "13": "bing-zi",
                    "14": "ding-chou",
                    "15": "wu-yin",
                    "16": "ji-mao",
                    "17": "geng-chen",
                    "18": "xin-si",
                    "19": "ren-wu",
                    "2": "yi-chou",
                    "20": "gui-wei",
                    "21": "jia-shen",
                    "22": "yi-you",
                    "23": "bing-xu",
                    "24": "ding-hai",
                    "25": "wu-zi",
                    "26": "ji-chou",
                    "27": "geng-yin",
                    "28": "xin-mao",
                    "29": "ren-chen",
                    "3": "bing-yin",
                    "30": "gui-si",
                    "31": "jia-wu",
                    "32": "yi-wei",
                    "33": "bing-shen",
                    "34": "ding-you",
                    "35": "wu-xu",
                    "36": "ji-hai",
                    "37": "geng-zi",
                    "38": "xin-chou",
                    "39": "ren-yin",
                    "4": "ding-mao",
                    "40": "gui-mao",
                    "41": "jia-chen",
                    "42": "yi-si",
                    "43": "bing-wu",
                    "44": "ding-wei",
                    "45": "wu-shen",
                    "46": "ji-you",
                    "47": "geng-xu",
                    "48": "xin-hai",
                    "49": "ren-zi",
                    "5": "wu-chen",
                    "50": "gui-chou",
                    "51": "jia-yin",
                    "52": "yi-mao",
                    "53": "bing-chen",
                    "54": "ding-si",
                    "55": "wu-wu",
                    "56": "ji-wei",
                    "57": "geng-shen",
                    "58": "xin-you",
                    "59": "ren-xu",
                    "6": "ji-si",
                    "60": "gui-hai",
                    "7": "geng-wu",
                    "8": "xin-wei",
                    "9": "ren-shen"
                  },
                  "wide": {
                    "1": "jia-zi",
                    "10": "gui-you",
                    "11": "jia-xu",
                    "12": "yi-hai",
                    "13": "bing-zi",
                    "14": "ding-chou",
                    "15": "wu-yin",
                    "16": "ji-mao",
                    "17": "geng-chen",
                    "18": "xin-si",
                    "19": "ren-wu",
                    "2": "yi-chou",
                    "20": "gui-wei",
                    "21": "jia-shen",
                    "22": "yi-you",
                    "23": "bing-xu",
                    "24": "ding-hai",
                    "25": "wu-zi",
                    "26": "ji-chou",
                    "27": "geng-yin",
                    "28": "xin-mao",
                    "29": "ren-chen",
                    "3": "bing-yin",
                    "30": "gui-si",
                    "31": "jia-wu",
                    "32": "yi-wei",
                    "33": "bing-shen",
                    "34": "ding-you",
                    "35": "wu-xu",
                    "36": "ji-hai",
                    "37": "geng-zi",
                    "38": "xin-chou",
                    "39": "ren-yin",
                    "4": "ding-mao",
                    "40": "gui-mao",
                    "41": "jia-chen",
                    "42": "yi-si",
                    "43": "bing-wu",
                    "44": "ding-wei",
                    "45": "wu-shen",
                    "46": "ji-you",
                    "47": "geng-xu",
                    "48": "xin-hai",
                    "49": "ren-zi",
                    "5": "wu-chen",
                    "50": "gui-chou",
                    "51": "jia-yin",
                    "52": "yi-mao",
                    "53": "bing-chen",
                    "54": "ding-si",
                    "55": "wu-wu",
                    "56": "ji-wei",
                    "57": "geng-shen",
                    "58": "xin-you",
                    "59": "ren-xu",
                    "6": "ji-si",
                    "60": "gui-hai",
                    "7": "geng-wu",
                    "8": "xin-wei",
                    "9": "ren-shen"
                  }
                }
              },
              "days": {
                "format": {
                  "abbreviated": {
                    "1": "jia-zi",
                    "10": "gui-you",
                    "11": "jia-xu",
                    "12": "yi-hai",
                    "13": "bing-zi",
                    "14": "ding-chou",
                    "15": "wu-yin",
                    "16": "ji-mao",
                    "17": "geng-chen",
                    "18": "xin-si",
                    "19": "ren-wu",
                    "2": "yi-chou",
                    "20": "gui-wei",
                    "21": "jia-shen",
                    "22": "yi-you",
                    "23": "bing-xu",
                    "24": "ding-hai",
                    "25": "wu-zi",
                    "26": "ji-chou",
                    "27": "geng-yin",
                    "28": "xin-mao",
                    "29": "ren-chen",
                    "3": "bing-yin",
                    "30": "gui-si",
                    "31": "jia-wu",
                    "32": "yi-wei",
                    "33": "bing-shen",
                    "34": "ding-you",
                    "35": "wu-xu",
                    "36": "ji-hai",
                    "37": "geng-zi",
                    "38": "xin-chou",
                    "39": "ren-yin",
                    "4": "ding-mao",
                    "40": "gui-mao",
                    "41": "jia-chen",
                    "42": "yi-si",
                    "43": "bing-wu",
                    "44": "ding-wei",
                    "45": "wu-shen",
                    "46": "ji-you",
                    "47": "geng-xu",
                    "48": "xin-hai",
                    "49": "ren-zi",
                    "5": "wu-chen",
                    "50": "gui-chou",
                    "51": "jia-yin",
                    "52": "yi-mao",
                    "53": "bing-chen",
                    "54": "ding-si",
                    "55": "wu-wu",
                    "56": "ji-wei",
                    "57": "geng-shen",
                    "58": "xin-you",
                    "59": "ren-xu",
                    "6": "ji-si",
                    "60": "gui-hai",
                    "7": "geng-wu",
                    "8": "xin-wei",
                    "9": "ren-shen"
                  },
                  "narrow": {
                    "1": "jia-zi",
                    "10": "gui-you",
                    "11": "jia-xu",
                    "12": "yi-hai",
                    "13": "bing-zi",
                    "14": "ding-chou",
                    "15": "wu-yin",
                    "16": "ji-mao",
                    "17": "geng-chen",
                    "18": "xin-si",
                    "19": "ren-wu",
                    "2": "yi-chou",
                    "20": "gui-wei",
                    "21": "jia-shen",
                    "22": "yi-you",
                    "23": "bing-xu",
                    "24": "ding-hai",
                    "25": "wu-zi",
                    "26": "ji-chou",
                    "27": "geng-yin",
                    "28": "xin-mao",
                    "29": "ren-chen",
                    "3": "bing-yin",
                    "30": "gui-si",
                    "31": "jia-wu",
                    "32": "yi-wei",
                    "33": "bing-shen",
                    "34": "ding-you",
                    "35": "wu-xu",
                    "36": "ji-hai",
                    "37": "geng-zi",
                    "38": "xin-chou",
                    "39": "ren-yin",
                    "4": "ding-mao",
                    "40": "gui-mao",
                    "41": "jia-chen",
                    "42": "yi-si",
                    "43": "bing-wu",
                    "44": "ding-wei",
                    "45": "wu-shen",
                    "46": "ji-you",
                    "47": "geng-xu",
                    "48": "xin-hai",
                    "49": "ren-zi",
                    "5": "wu-chen",
                    "50": "gui-chou",
                    "51": "jia-yin",
                    "52": "yi-mao",
                    "53": "bing-chen",
                    "54": "ding-si",
                    "55": "wu-wu",
                    "56": "ji-wei",
                    "57": "geng-shen",
                    "58": "xin-you",
                    "59": "ren-xu",
                    "6": "ji-si",
                    "60": "gui-hai",
                    "7": "geng-wu",
                    "8": "xin-wei",
                    "9": "ren-shen"
                  },
                  "wide": {
                    "1": "jia-zi",
                    "10": "gui-you",
                    "11": "jia-xu",
                    "12": "yi-hai",
                    "13": "bing-zi",
                    "14": "ding-chou",
                    "15": "wu-yin",
                    "16": "ji-mao",
                    "17": "geng-chen",
                    "18": "xin-si",
                    "19": "ren-wu",
                    "2": "yi-chou",
                    "20": "gui-wei",
                    "21": "jia-shen",
                    "22": "yi-you",
                    "23": "bing-xu",
                    "24": "ding-hai",
                    "25": "wu-zi",
                    "26": "ji-chou",
                    "27": "geng-yin",
                    "28": "xin-mao",
                    "29": "ren-chen",
                    "3": "bing-yin",
                    "30": "gui-si",
                    "31": "jia-wu",
                    "32": "yi-wei",
                    "33": "bing-shen",
                    "34": "ding-you",
                    "35": "wu-xu",
                    "36": "ji-hai",
                    "37": "geng-zi",
                    "38": "xin-chou",
                    "39": "ren-yin",
                    "4": "ding-mao",
                    "40": "gui-mao",
                    "41": "jia-chen",
                    "42": "yi-si",
                    "43": "bing-wu",
                    "44": "ding-wei",
                    "45": "wu-shen",
                    "46": "ji-you",
                    "47": "geng-xu",
                    "48": "xin-hai",
                    "49": "ren-zi",
                    "5": "wu-chen",
                    "50": "gui-chou",
                    "51": "jia-yin",
                    "52": "yi-mao",
                    "53": "bing-chen",
                    "54": "ding-si",
                    "55": "wu-wu",
                    "56": "ji-wei",
                    "57": "geng-shen",
                    "58": "xin-you",
                    "59": "ren-xu",
                    "6": "ji-si",
                    "60": "gui-hai",
                    "7": "geng-wu",
                    "8": "xin-wei",
                    "9": "ren-shen"
                  }
                }
              },
              "dayParts": {
                "format": {
                  "abbreviated": {
                    "1": "zi",
                    "10": "you",
                    "11": "xu",
                    "12": "hai",
                    "2": "chou",
                    "3": "yin",
                    "4": "mao",
                    "5": "chen",
                    "6": "si",
                    "7": "wu",
                    "8": "wei",
                    "9": "shen"
                  },
                  "narrow": {
                    "1": "zi",
                    "10": "you",
                    "11": "xu",
                    "12": "hai",
                    "2": "chou",
                    "3": "yin",
                    "4": "mao",
                    "5": "chen",
                    "6": "si",
                    "7": "wu",
                    "8": "wei",
                    "9": "shen"
                  },
                  "wide": {
                    "1": "zi",
                    "10": "you",
                    "11": "xu",
                    "12": "hai",
                    "2": "chou",
                    "3": "yin",
                    "4": "mao",
                    "5": "chen",
                    "6": "si",
                    "7": "wu",
                    "8": "wei",
                    "9": "shen"
                  }
                }
              },
              "zodiacs": {
                "format": {
                  "abbreviated": {
                    "1": "zi",
                    "10": "you",
                    "11": "xu",
                    "12": "hai",
                    "2": "chou",
                    "3": "yin",
                    "4": "mao",
                    "5": "chen",
                    "6": "si",
                    "7": "wu",
                    "8": "wei",
                    "9": "shen"
                  },
                  "narrow": {
                    "1": "zi",
                    "10": "you",
                    "11": "xu",
                    "12": "hai",
                    "2": "chou",
                    "3": "yin",
                    "4": "mao",
                    "5": "chen",
                    "6": "si",
                    "7": "wu",
                    "8": "wei",
                    "9": "shen"
                  },
                  "wide": {
                    "1": "zi",
                    "10": "you",
                    "11": "xu",
                    "12": "hai",
                    "2": "chou",
                    "3": "yin",
                    "4": "mao",
                    "5": "chen",
                    "6": "si",
                    "7": "wu",
                    "8": "wei",
                    "9": "shen"
                  }
                }
              },
              "solarTerms": {
                "format": {
                  "abbreviated": {
                    "1": "spring begins",
                    "10": "summer solstice",
                    "11": "minor heat",
                    "12": "major heat",
                    "13": "autumn begins",
                    "14": "end of heat",
                    "15": "white dew",
                    "16": "autumn equinox",
                    "17": "cold dew",
                    "18": "frost descends",
                    "19": "winter begins",
                    "2": "rain water",
                    "20": "minor snow",
                    "21": "major snow",
                    "22": "winter solstice",
                    "23": "minor cold",
                    "24": "major cold",
                    "3": "insects awaken",
                    "4": "spring equinox",
                    "5": "bright and clear",
                    "6": "grain rain",
                    "7": "summer begins",
                    "8": "grain full",
                    "9": "grain in ear"
                  },
                  "narrow": {
                    "1": "spring begins",
                    "10": "summer solstice",
                    "11": "minor heat",
                    "12": "major heat",
                    "13": "autumn begins",
                    "14": "end of heat",
                    "15": "white dew",
                    "16": "autumn equinox",
                    "17": "cold dew",
                    "18": "frost descends",
                    "19": "winter begins",
                    "2": "rain water",
                    "20": "minor snow",
                    "21": "major snow",
                    "22": "winter solstice",
                    "23": "minor cold",
                    "24": "major cold",
                    "3": "insects awaken",
                    "4": "spring equinox",
                    "5": "bright and clear",
                    "6": "grain rain",
                    "7": "summer begins",
                    "8": "grain full",
                    "9": "grain in ear"
                  },
                  "wide": {
                    "1": "spring begins",
                    "10": "summer solstice",
                    "11": "minor heat",
                    "12": "major heat",
                    "13": "autumn begins",
                    "14": "end of heat",
                    "15": "white dew",
                    "16": "autumn equinox",
                    "17": "cold dew",
                    "18": "frost descends",
                    "19": "winter begins",
                    "2": "rain water",
                    "20": "minor snow",
                    "21": "major snow",
                    "22": "winter solstice",
                    "23": "minor cold",
                    "24": "major cold",
                    "3": "insects awaken",
                    "4": "spring equinox",
                    "5": "bright and clear",
                    "6": "grain rain",
                    "7": "summer begins",
                    "8": "grain full",
                    "9": "grain in ear"
                  }
                }
              }
            },
            "dateFormats": {
              "full": "U MMMM d, EEEE",
              "long": "U MMMM d",
              "medium": "U MMM d",
              "short": "y-MM-dd"
            },
            "timeFormats": {
              "full": "HH.mm.ss zzzz",
              "long": "HH.mm.ss z",
              "medium": "HH.mm.ss",
              "short": "HH.mm"
            },
            "dateTimeFormats": {
              "full": "{1} {0}",
              "long": "{1} {0}",
              "medium": "{1} {0}",
              "short": "{1} {0}",
              "availableFormats": {
                "E": "ccc",
                "Ed": "d, E",
                "Gy": "U",
                "GyMMM": "U MMM",
                "GyMMMEd": "U MMM d, E",
                "GyMMMd": "U MMM d",
                "H": "HH",
                "Hm": "HH:mm",
                "Hms": "HH:mm:ss",
                "M": "L",
                "MEd": "MM-dd, E",
                "MMM": "LLL",
                "MMMEd": "MMM d, E",
                "MMMd": "MMM d",
                "Md": "MM-dd",
                "d": "d",
                "h": "h a",
                "hm": "h:mm a",
                "hms": "h:mm:ss a",
                "ms": "mm:ss",
                "y": "U",
                "yMd": "y-MM-dd",
                "yyyy": "U",
                "yyyyM": "y-MM",
                "yyyyMEd": "y-MM-dd, E",
                "yyyyMMM": "U MMM",
                "yyyyMMMEd": "U MMM d, E",
                "yyyyMMMd": "U MMM d",
                "yyyyMd": "y-MM-dd",
                "yyyyQQQ": "U QQQ",
                "yyyyQQQQ": "U QQQQ"
              },
              "appendItems": {
                "Day": "{0} ({2}: {1})",
                "Day-Of-Week": "{0} {1}",
                "Era": "{1} {0}",
                "Hour": "{0} ({2}: {1})",
                "Minute": "{0} ({2}: {1})",
                "Month": "{0} ({2}: {1})",
                "Quarter": "{0} ({2}: {1})",
                "Second": "{0} ({2}: {1})",
                "Timezone": "{0} {1}",
                "Week": "{0} ({2}: {1})",
                "Year": "{1} {0}"
              },
              "intervalFormats": {
                "intervalFormatFallback": "{0} – {1}",
                "H": {
                  "H": "HH–HH"
                },
                "Hm": {
                  "H": "HH:mm–HH:mm",
                  "m": "HH:mm–HH:mm"
                },
                "Hmv": {
                  "H": "HH:mm–HH:mm v",
                  "m": "HH:mm–HH:mm v"
                },
                "Hv": {
                  "H": "HH–HH v"
                },
                "M": {
                  "M": "MM–MM"
                },
                "MEd": {
                  "M": "MM-dd, E – MM-dd, E",
                  "d": "MM-dd, E – MM-dd, E"
                },
                "MMM": {
                  "M": "LLL–LLL"
                },
                "MMMEd": {
                  "M": "MMM d, E – MMM d, E",
                  "d": "MMM d, E – MMM d, E"
                },
                "MMMd": {
                  "M": "MMM d – MMM d",
                  "d": "MMM d–d"
                },
                "Md": {
                  "M": "MM-dd – MM-dd",
                  "d": "MM-dd – MM-dd"
                },
                "d": {
                  "d": "d–d"
                },
                "h": {
                  "a": "h a – h a",
                  "h": "h–h a"
                },
                "hm": {
                  "a": "h:mm a – h:mm a",
                  "h": "h:mm–h:mm a",
                  "m": "h:mm–h:mm a"
                },
                "hmv": {
                  "a": "h:mm a – h:mm a v",
                  "h": "h:mm–h:mm a v",
                  "m": "h:mm–h:mm a v"
                },
                "hv": {
                  "a": "h a – h a v",
                  "h": "h–h a v"
                },
                "y": {
                  "y": "U–U"
                },
                "yM": {
                  "M": "y-MM – y-MM",
                  "y": "y-MM – y-MM"
                },
                "yMEd": {
                  "M": "y-MM-dd, E – y-MM-dd, E",
                  "d": "y-MM-dd, E – y-MM-dd, E",
                  "y": "y-MM-dd, E – y-MM-dd, E"
                },
                "yMMM": {
                  "M": "U MMM–MMM",
                  "y": "U MMM – U MMM"
                },
                "yMMMEd": {
                  "M": "U MMM d, E – MMM d, E",
                  "d": "U MMM d, E – MMM d, E",
                  "y": "U MMM d, E – U MMM d, E"
                },
                "yMMMM": {
                  "M": "U MMMM–MMMM",
                  "y": "U MMMM – U MMMM"
                },
                "yMMMd": {
                  "M": "U MMM d – MMM d",
                  "d": "U MMM d–d",
                  "y": "U MMM d – U MMM d"
                },
                "yMd": {
                  "M": "y-MM-dd – y-MM-dd",
                  "d": "y-MM-dd – y-MM-dd",
                  "y": "y-MM-dd – y-MM-dd"
                }
              }
            }
          }
        }
      }
    }
  }
}
