{
  "main": {
    "be": {
      "identity": {
        "version": {
          "_cldrVersion": "26",
          "_number": "$Revision: 10739 $"
        },
        "generation": {
          "_date": "$Date: 2014-08-07 12:54:13 -0500 (Thu, 07 Aug 2014) $"
        },
        "language": "be"
      },
      "dates": {
        "calendars": {
          "gregorian": {
            "months": {
              "format": {
                "abbreviated": {
                  "1": "сту",
                  "2": "лют",
                  "3": "сак",
                  "4": "кра",
                  "5": "мая",
                  "6": "чэр",
                  "7": "ліп",
                  "8": "жні",
                  "9": "вер",
                  "10": "кас",
                  "11": "ліс",
                  "12": "сне"
                },
                "narrow": {
                  "1": "с",
                  "2": "л",
                  "3": "с",
                  "4": "к",
                  "5": "м",
                  "6": "ч",
                  "7": "л",
                  "8": "ж",
                  "9": "в",
                  "10": "к",
                  "11": "л",
                  "12": "с"
                },
                "wide": {
                  "1": "студзеня",
                  "2": "лютага",
                  "3": "сакавіка",
                  "4": "красавіка",
                  "5": "мая",
                  "6": "чэрвеня",
                  "7": "ліпеня",
                  "8": "жніўня",
                  "9": "верасня",
                  "10": "кастрычніка",
                  "11": "лістапада",
                  "12": "снежня"
                }
              },
              "stand-alone": {
                "abbreviated": {
                  "1": "сту",
                  "2": "лют",
                  "3": "сак",
                  "4": "кра",
                  "5": "май",
                  "6": "чэр",
                  "7": "ліп",
                  "8": "жні",
                  "9": "вер",
                  "10": "кас",
                  "11": "ліс",
                  "12": "сне"
                },
                "narrow": {
                  "1": "с",
                  "2": "л",
                  "3": "с",
                  "4": "к",
                  "5": "м",
                  "6": "ч",
                  "7": "л",
                  "8": "ж",
                  "9": "в",
                  "10": "к",
                  "11": "л",
                  "12": "с"
                },
                "wide": {
                  "1": "студзень",
                  "2": "люты",
                  "3": "сакавік",
                  "4": "красавік",
                  "5": "май",
                  "6": "чэрвень",
                  "7": "ліпень",
                  "8": "жнівень",
                  "9": "верасень",
                  "10": "кастрычнік",
                  "11": "лістапад",
                  "12": "снежань"
                }
              }
            },
            "days": {
              "format": {
                "abbreviated": {
                  "sun": "нд",
                  "mon": "пн",
                  "tue": "аў",
                  "wed": "ср",
                  "thu": "чц",
                  "fri": "пт",
                  "sat": "сб"
                },
                "narrow": {
                  "sun": "н",
                  "mon": "п",
                  "tue": "а",
                  "wed": "с",
                  "thu": "ч",
                  "fri": "п",
                  "sat": "с"
                },
                "short": {
                  "sun": "нд",
                  "mon": "пн",
                  "tue": "аў",
                  "wed": "ср",
                  "thu": "чц",
                  "fri": "пт",
                  "sat": "сб"
                },
                "wide": {
                  "sun": "нядзеля",
                  "mon": "панядзелак",
                  "tue": "аўторак",
                  "wed": "серада",
                  "thu": "чацвер",
                  "fri": "пятніца",
                  "sat": "субота"
                }
              },
              "stand-alone": {
                "abbreviated": {
                  "sun": "нд",
                  "mon": "пн",
                  "tue": "аў",
                  "wed": "ср",
                  "thu": "чц",
                  "fri": "пт",
                  "sat": "сб"
                },
                "narrow": {
                  "sun": "н",
                  "mon": "п",
                  "tue": "а",
                  "wed": "с",
                  "thu": "ч",
                  "fri": "п",
                  "sat": "с"
                },
                "short": {
                  "sun": "нд",
                  "mon": "пн",
                  "tue": "аў",
                  "wed": "ср",
                  "thu": "чц",
                  "fri": "пт",
                  "sat": "сб"
                },
                "wide": {
                  "sun": "нядзеля",
                  "mon": "панядзелак",
                  "tue": "аўторак",
                  "wed": "серада",
                  "thu": "чацвер",
                  "fri": "пятніца",
                  "sat": "субота"
                }
              }
            },
            "quarters": {
              "format": {
                "abbreviated": {
                  "1": "1-шы кв.",
                  "2": "2-гі кв.",
                  "3": "3-ці кв.",
                  "4": "4-ты кв."
                },
                "narrow": {
                  "1": "1",
                  "2": "2",
                  "3": "3",
                  "4": "4"
                },
                "wide": {
                  "1": "1-шы квартал",
                  "2": "2-гі квартал",
                  "3": "3-ці квартал",
                  "4": "4-ты квартал"
                }
              },
              "stand-alone": {
                "abbreviated": {
                  "1": "1-шы кв.",
                  "2": "2-гі кв.",
                  "3": "3-ці кв.",
                  "4": "4-ты кв."
                },
                "narrow": {
                  "1": "1",
                  "2": "2",
                  "3": "3",
                  "4": "4"
                },
                "wide": {
                  "1": "1-шы квартал",
                  "2": "2-гі квартал",
                  "3": "3-ці квартал",
                  "4": "4-ты квартал"
                }
              }
            },
            "dayPeriods": {
              "format": {
                "abbreviated": {
                  "am": "да палудня",
                  "noon": "noon",
                  "pm": "пасля палудня"
                },
                "narrow": {
                  "am": "a",
                  "noon": "n",
                  "pm": "p"
                },
                "wide": {
                  "am": "да палудня",
                  "noon": "noon",
                  "pm": "пасля палудня"
                }
              },
              "stand-alone": {
                "abbreviated": {
                  "am": "раніцы",
                  "noon": "noon",
                  "pm": "вечара"
                },
                "narrow": {
                  "am": "a",
                  "noon": "n",
                  "pm": "p"
                },
                "wide": {
                  "am": "да палудня",
                  "noon": "noon",
                  "pm": "пасля палудня"
                }
              }
            },
            "eras": {
              "eraNames": {
                "0": "да н.э.",
                "0-alt-variant": "BCE",
                "1": "н.э.",
                "1-alt-variant": "CE"
              },
              "eraAbbr": {
                "0": "да н.э.",
                "0-alt-variant": "BCE",
                "1": "н.э.",
                "1-alt-variant": "CE"
              },
              "eraNarrow": {
                "0": "да н.э.",
                "0-alt-variant": "BCE",
                "1": "н.э.",
                "1-alt-variant": "CE"
              }
            },
            "dateFormats": {
              "full": "EEEE, d MMMM y",
              "long": "d MMMM y",
              "medium": "d.M.y",
              "short": "d.M.yy"
            },
            "timeFormats": {
              "full": "HH.mm.ss zzzz",
              "long": "HH.mm.ss z",
              "medium": "HH.mm.ss",
              "short": "HH.mm"
            },
            "dateTimeFormats": {
              "full": "{1} {0}",
              "long": "{1} {0}",
              "medium": "{1} {0}",
              "short": "{1} {0}",
              "availableFormats": {
                "E": "ccc",
                "EHm": "E HH:mm",
                "EHms": "E HH:mm:ss",
                "Ed": "d, E",
                "Ehm": "E h:mm a",
                "Ehms": "E h:mm:ss a",
                "Gy": "y G",
                "GyMMM": "LLL y G",
                "GyMMMEd": "E, d MMM y G",
                "GyMMMd": "d MMM y G",
                "H": "HH",
                "Hm": "HH.mm",
                "Hms": "HH.mm.ss",
                "M": "L",
                "MEd": "E, d.M",
                "MMM": "LLL",
                "MMMEd": "E, d MMM",
                "MMMMEd": "E, d MMMM",
                "MMMMd": "d MMMM",
                "MMMd": "d MMM",
                "Md": "d.M",
                "d": "d",
                "h": "h a",
                "hm": "h.mm a",
                "hms": "h.mm.ss a",
                "ms": "mm.ss",
                "y": "y",
                "yM": "M.y",
                "yMEd": "E, d.M.y",
                "yMMM": "LLL y",
                "yMMMEd": "E, d MMM y",
                "yMMMM": "LLLL y",
                "yMMMd": "d MMM y",
                "yMd": "d.M.y",
                "yQQQ": "QQQ y",
                "yQQQQ": "QQQQ y"
              },
              "appendItems": {
                "Day": "{0} ({2}: {1})",
                "Day-Of-Week": "{0} {1}",
                "Era": "{1} {0}",
                "Hour": "{0} ({2}: {1})",
                "Minute": "{0} ({2}: {1})",
                "Month": "{0} ({2}: {1})",
                "Quarter": "{0} ({2}: {1})",
                "Second": "{0} ({2}: {1})",
                "Timezone": "{0} {1}",
                "Week": "{0} ({2}: {1})",
                "Year": "{1} {0}"
              },
              "intervalFormats": {
                "intervalFormatFallback": "{0} - {1}",
                "H": {
                  "H": "HH-HH"
                },
                "Hm": {
                  "H": "HH.mm-HH.mm",
                  "m": "HH.mm-HH.mm"
                },
                "Hmv": {
                  "H": "HH.mm-HH.mm v",
                  "m": "HH.mm-HH.mm v"
                },
                "Hv": {
                  "H": "HH-HH v"
                },
                "M": {
                  "M": "M-M"
                },
                "MEd": {
                  "M": "E, d.M - E, d.M",
                  "d": "E, d.M - E, d.M"
                },
                "MMM": {
                  "M": "LLL-LLL"
                },
                "MMMEd": {
                  "M": "E, d MMM - E, d MMM",
                  "d": "E, d - E, d MMM"
                },
                "MMMd": {
                  "M": "d MMM - d MMM",
                  "d": "d-d MMM"
                },
                "Md": {
                  "M": "d.M - d.M",
                  "d": "d.M - d.M"
                },
                "d": {
                  "d": "d-d"
                },
                "h": {
                  "a": "h a – h a",
                  "h": "h-h a"
                },
                "hm": {
                  "a": "h:mm a – h:mm a",
                  "h": "h.mm-h.mm a",
                  "m": "h.mm-h.mm a"
                },
                "hmv": {
                  "a": "h:mm a – h:mm a v",
                  "h": "h.mm-h.mm a v",
                  "m": "h.mm-h.mm a v"
                },
                "hv": {
                  "a": "h a – h a v",
                  "h": "h-h a v"
                },
                "y": {
                  "y": "y-y"
                },
                "yM": {
                  "M": "M.y - M.y",
                  "y": "M.y - M.y"
                },
                "yMEd": {
                  "M": "E, d.M.y - E, d.M.y",
                  "d": "E, d.M.y - E, d.M.y",
                  "y": "E, d.M.y - E, d.M.y"
                },
                "yMMM": {
                  "M": "LLL-LLL y",
                  "y": "LLL y - LLL y"
                },
                "yMMMEd": {
                  "M": "E, d MMM - E, d MMM y",
                  "d": "E, d - E, d MMM y",
                  "y": "E, d MMM y - E, d MMM y"
                },
                "yMMMM": {
                  "M": "LLLL-LLLL y",
                  "y": "LLLL y - LLLL y"
                },
                "yMMMd": {
                  "M": "d MMM - d MMM y",
                  "d": "d-d MMM y",
                  "y": "d MMM y - d MMM y"
                },
                "yMd": {
                  "M": "d.M.y - d.M.y",
                  "d": "d.M.y - d.M.y",
                  "y": "d.M.y - d.M.y"
                }
              }
            }
          }
        }
      }
    }
  }
}
