{
  "main": {
    "be": {
      "identity": {
        "version": {
          "_cldrVersion": "26",
          "_number": "$Revision: 10739 $"
        },
        "generation": {
          "_date": "$Date: 2014-08-07 12:54:13 -0500 (Thu, 07 Aug 2014) $"
        },
        "language": "be"
      },
      "dates": {
        "calendars": {
          "islamic": {
            "months": {
              "format": {
                "abbreviated": {
                  "1": "Muh.",
                  "2": "Saf.",
                  "3": "Rab. I",
                  "4": "Rab. II",
                  "5": "Jum. I",
                  "6": "Jum. II",
                  "7": "Raj.",
                  "8": "Sha.",
                  "9": "Ram.",
                  "10": "Shaw.",
                  "11": "Dhuʻl-Q.",
                  "12": "Dhuʻl-H."
                },
                "narrow": {
                  "1": "1",
                  "2": "2",
                  "3": "3",
                  "4": "4",
                  "5": "5",
                  "6": "6",
                  "7": "7",
                  "8": "8",
                  "9": "9",
                  "10": "10",
                  "11": "11",
                  "12": "12"
                },
                "wide": {
                  "1": "Muharram",
                  "2": "Safar",
                  "3": "Rabiʻ I",
                  "4": "Rabiʻ II",
                  "5": "Jumada I",
                  "6": "Jumada II",
                  "7": "Rajab",
                  "8": "Shaʻban",
                  "9": "Ramadan",
                  "10": "Shawwal",
                  "11": "Dhuʻl-Qiʻdah",
                  "12": "Dhuʻl-Hijjah"
                }
              },
              "stand-alone": {
                "abbreviated": {
                  "1": "Muh.",
                  "2": "Saf.",
                  "3": "Rab. I",
                  "4": "Rab. II",
                  "5": "Jum. I",
                  "6": "Jum. II",
                  "7": "Raj.",
                  "8": "Sha.",
                  "9": "Ram.",
                  "10": "Shaw.",
                  "11": "Dhuʻl-Q.",
                  "12": "Dhuʻl-H."
                },
                "narrow": {
                  "1": "1",
                  "2": "2",
                  "3": "3",
                  "4": "4",
                  "5": "5",
                  "6": "6",
                  "7": "7",
                  "8": "8",
                  "9": "9",
                  "10": "10",
                  "11": "11",
                  "12": "12"
                },
                "wide": {
                  "1": "Muharram",
                  "2": "Safar",
                  "3": "Rabiʻ I",
                  "4": "Rabiʻ II",
                  "5": "Jumada I",
                  "6": "Jumada II",
                  "7": "Rajab",
                  "8": "Shaʻban",
                  "9": "Ramadan",
                  "10": "Shawwal",
                  "11": "Dhuʻl-Qiʻdah",
                  "12": "Dhuʻl-Hijjah"
                }
              }
            },
            "days": {
              "format": {
                "abbreviated": {
                  "sun": "нд",
                  "mon": "пн",
                  "tue": "аў",
                  "wed": "ср",
                  "thu": "чц",
                  "fri": "пт",
                  "sat": "сб"
                },
                "narrow": {
                  "sun": "н",
                  "mon": "п",
                  "tue": "а",
                  "wed": "с",
                  "thu": "ч",
                  "fri": "п",
                  "sat": "с"
                },
                "short": {
                  "sun": "нд",
                  "mon": "пн",
                  "tue": "аў",
                  "wed": "ср",
                  "thu": "чц",
                  "fri": "пт",
                  "sat": "сб"
                },
                "wide": {
                  "sun": "нядзеля",
                  "mon": "панядзелак",
                  "tue": "аўторак",
                  "wed": "серада",
                  "thu": "чацвер",
                  "fri": "пятніца",
                  "sat": "субота"
                }
              },
              "stand-alone": {
                "abbreviated": {
                  "sun": "нд",
                  "mon": "пн",
                  "tue": "аў",
                  "wed": "ср",
                  "thu": "чц",
                  "fri": "пт",
                  "sat": "сб"
                },
                "narrow": {
                  "sun": "н",
                  "mon": "п",
                  "tue": "а",
                  "wed": "с",
                  "thu": "ч",
                  "fri": "п",
                  "sat": "с"
                },
                "short": {
                  "sun": "нд",
                  "mon": "пн",
                  "tue": "аў",
                  "wed": "ср",
                  "thu": "чц",
                  "fri": "пт",
                  "sat": "сб"
                },
                "wide": {
                  "sun": "нядзеля",
                  "mon": "панядзелак",
                  "tue": "аўторак",
                  "wed": "серада",
                  "thu": "чацвер",
                  "fri": "пятніца",
                  "sat": "субота"
                }
              }
            },
            "quarters": {
              "format": {
                "abbreviated": {
                  "1": "1-шы кв.",
                  "2": "2-гі кв.",
                  "3": "3-ці кв.",
                  "4": "4-ты кв."
                },
                "narrow": {
                  "1": "1",
                  "2": "2",
                  "3": "3",
                  "4": "4"
                },
                "wide": {
                  "1": "1-шы квартал",
                  "2": "2-гі квартал",
                  "3": "3-ці квартал",
                  "4": "4-ты квартал"
                }
              },
              "stand-alone": {
                "abbreviated": {
                  "1": "1-шы кв.",
                  "2": "2-гі кв.",
                  "3": "3-ці кв.",
                  "4": "4-ты кв."
                },
                "narrow": {
                  "1": "1",
                  "2": "2",
                  "3": "3",
                  "4": "4"
                },
                "wide": {
                  "1": "1-шы квартал",
                  "2": "2-гі квартал",
                  "3": "3-ці квартал",
                  "4": "4-ты квартал"
                }
              }
            },
            "dayPeriods": {
              "format": {
                "abbreviated": {
                  "am": "да палудня",
                  "noon": "noon",
                  "pm": "пасля палудня"
                },
                "narrow": {
                  "am": "a",
                  "noon": "n",
                  "pm": "p"
                },
                "wide": {
                  "am": "да палудня",
                  "noon": "noon",
                  "pm": "пасля палудня"
                }
              },
              "stand-alone": {
                "abbreviated": {
                  "am": "раніцы",
                  "noon": "noon",
                  "pm": "вечара"
                },
                "narrow": {
                  "am": "a",
                  "noon": "n",
                  "pm": "p"
                },
                "wide": {
                  "am": "да палудня",
                  "noon": "noon",
                  "pm": "пасля палудня"
                }
              }
            },
            "eras": {
              "eraNames": {
                "0": "AH"
              },
              "eraAbbr": {
                "0": "AH"
              },
              "eraNarrow": {
                "0": "AH"
              }
            },
            "dateFormats": {
              "full": "EEEE, d MMMM y G",
              "long": "d MMMM y G",
              "medium": "d.M.y G",
              "short": "d.M.y GGGGG"
            },
            "timeFormats": {
              "full": "HH.mm.ss zzzz",
              "long": "HH.mm.ss z",
              "medium": "HH.mm.ss",
              "short": "HH.mm"
            },
            "dateTimeFormats": {
              "full": "{1} {0}",
              "long": "{1} {0}",
              "medium": "{1} {0}",
              "short": "{1} {0}",
              "availableFormats": {
                "E": "ccc",
                "EHm": "E HH:mm",
                "EHms": "E HH:mm:ss",
                "Ed": "E, d",
                "Ehm": "E h:mm a",
                "Ehms": "E h:mm:ss a",
                "Gy": "y G",
                "GyMMM": "LLL y G",
                "GyMMMEd": "E, d MMM y G",
                "GyMMMd": "d MMM y G",
                "H": "HH",
                "Hm": "HH.mm",
                "Hms": "HH.mm.ss",
                "M": "L",
                "MEd": "E, d.M",
                "MMM": "LLL",
                "MMMEd": "E, d MMM",
                "MMMd": "d MMM",
                "Md": "d.M",
                "d": "d",
                "h": "h a",
                "hm": "h.mm a",
                "hms": "h.mm.ss a",
                "ms": "mm.ss",
                "y": "y G",
                "yyyy": "y G",
                "yyyyM": "M.y G",
                "yyyyMEd": "E, d.M.y G",
                "yyyyMMM": "LLL y G",
                "yyyyMMMEd": "E, d MMM y G",
                "yyyyMMMM": "LLLL y G",
                "yyyyMMMd": "d MMM y G",
                "yyyyMd": "d.M.y G",
                "yyyyQQQ": "QQQ y G",
                "yyyyQQQQ": "QQQQ y G"
              },
              "appendItems": {
                "Day": "{0} ({2}: {1})",
                "Day-Of-Week": "{0} {1}",
                "Era": "{1} {0}",
                "Hour": "{0} ({2}: {1})",
                "Minute": "{0} ({2}: {1})",
                "Month": "{0} ({2}: {1})",
                "Quarter": "{0} ({2}: {1})",
                "Second": "{0} ({2}: {1})",
                "Timezone": "{0} {1}",
                "Week": "{0} ({2}: {1})",
                "Year": "{1} {0}"
              },
              "intervalFormats": {
                "intervalFormatFallback": "{0} - {1}",
                "H": {
                  "H": "HH-HH"
                },
                "Hm": {
                  "H": "HH.mm-HH.mm",
                  "m": "HH.mm-HH.mm"
                },
                "Hmv": {
                  "H": "HH.mm-HH.mm v",
                  "m": "HH.mm-HH.mm v"
                },
                "Hv": {
                  "H": "HH-HH v"
                },
                "M": {
                  "M": "M-M"
                },
                "MEd": {
                  "M": "E, d.M - E, d.M",
                  "d": "E, d.M - E, d.M"
                },
                "MMM": {
                  "M": "LLL-LLL"
                },
                "MMMEd": {
                  "M": "E, d MMM - E, d MMM",
                  "d": "E, d - E, d MMM"
                },
                "MMMd": {
                  "M": "d MMM - d MMM",
                  "d": "d-d MMM"
                },
                "Md": {
                  "M": "d.M - d.M",
                  "d": "d.M - d.M"
                },
                "d": {
                  "d": "d-d"
                },
                "h": {
                  "a": "h a – h a",
                  "h": "h-h a"
                },
                "hm": {
                  "a": "h:mm a – h:mm a",
                  "h": "h.mm-h.mm a",
                  "m": "h.mm-h.mm a"
                },
                "hmv": {
                  "a": "h:mm a – h:mm a v",
                  "h": "h.mm-h.mm a v",
                  "m": "h.mm-h.mm a v"
                },
                "hv": {
                  "a": "h a – h a v",
                  "h": "h-h a v"
                },
                "y": {
                  "y": "y-y G"
                },
                "yM": {
                  "M": "M.y - M.y G",
                  "y": "M.y - M.y G"
                },
                "yMEd": {
                  "M": "E, d.M.y - E, d.M.y G",
                  "d": "E, d.M.y - E, d.M.y G",
                  "y": "E, d.M.y - E, d.M.y G"
                },
                "yMMM": {
                  "M": "LLL-LLL y G",
                  "y": "LLL y - LLL y G"
                },
                "yMMMEd": {
                  "M": "E, d MMM - E, d MMM y G",
                  "d": "E, d - E, d MMM y G",
                  "y": "E, d MMM y - E, d MMM y G"
                },
                "yMMMM": {
                  "M": "LLLL-LLLL y G",
                  "y": "LLLL y - LLLL y G"
                },
                "yMMMd": {
                  "M": "d MMM - d MMM y G",
                  "d": "d-d MMM y G",
                  "y": "d MMM y - d MMM y G"
                },
                "yMd": {
                  "M": "d.M.y - d.M.y G",
                  "d": "d.M.y - d.M.y G",
                  "y": "d.M.y - d.M.y G"
                }
              }
            }
          }
        }
      }
    }
  }
}
