{
  "main": {
    "be": {
      "identity": {
        "version": {
          "_cldrVersion": "26",
          "_number": "$Revision: 10739 $"
        },
        "generation": {
          "_date": "$Date: 2014-08-07 12:54:13 -0500 (Thu, 07 Aug 2014) $"
        },
        "language": "be"
      },
      "characters": {
        "exemplarCharacters": "[а б в г д {дж} {дз} е ё ж з і й к л м н о п р с т у ў ф х ц ч ш ы ь э ю я]",
        "auxiliary": "[{а\u0301} {е\u0301} {ё\u0301} {і\u0301} {о\u0301} {у\u0301} {ы\u0301} {э\u0301} {ю\u0301} {я\u0301}]",
        "punctuation": "[\\- , ; \\: ! ? . ( ) \\[ \\] \\{ \\}]",
        "index": "[А Б В Г Д Е Ж З І Й К Л М Н О П Р С Т У Ф Х Ц Ч Ш Ы Э Ю Я]",
        "ellipsis": {
          "initial": "…{0}",
          "medial": "{0}…{1}",
          "final": "{0}…",
          "word-initial": "… {0}",
          "word-medial": "{0} … {1}",
          "word-final": "{0} …"
        },
        "moreInformation": "?"
      }
    }
  }
}
