{
  "main": {
    "be": {
      "identity": {
        "version": {
          "_cldrVersion": "26",
          "_number": "$Revision: 10739 $"
        },
        "generation": {
          "_date": "$Date: 2014-08-07 12:54:13 -0500 (Thu, 07 Aug 2014) $"
        },
        "language": "be"
      },
      "localeDisplayNames": {
        "languages": {
          "aa": "aa",
          "ab": "абхазская",
          "ace": "ace",
          "ach": "ach",
          "ada": "ada",
          "ady": "адыгейская",
          "ae": "ae",
          "aeb": "aeb",
          "af": "афрыкаанс",
          "afh": "afh",
          "agq": "agq",
          "ain": "ain",
          "ak": "ak",
          "akk": "акадзкая",
          "akz": "akz",
          "ale": "алеуцкая",
          "aln": "aln",
          "alt": "alt",
          "am": "амхарская",
          "an": "арагонская",
          "ang": "стараанглійская",
          "anp": "anp",
          "ar": "арабская",
          "ar-001": "ar_001",
          "arc": "арамейская",
          "arn": "arn",
          "aro": "aro",
          "arp": "arp",
          "arq": "arq",
          "arw": "arw",
          "ary": "ary",
          "arz": "arz",
          "as": "асамская",
          "asa": "asa",
          "ase": "ase",
          "ast": "астурыйская",
          "av": "аварская",
          "avk": "avk",
          "awa": "awa",
          "ay": "аймара",
          "az": "азербайджанская",
          "az-alt-short": "az",
          "azb": "azb",
          "ba": "башкірская",
          "bal": "bal",
          "ban": "ban",
          "bar": "bar",
          "bas": "bas",
          "bax": "bax",
          "bbc": "bbc",
          "bbj": "bbj",
          "be": "беларуская",
          "bej": "bej",
          "bem": "bem",
          "bew": "bew",
          "bez": "bez",
          "bfd": "bfd",
          "bfq": "bfq",
          "bg": "балгарская",
          "bho": "bho",
          "bi": "bi",
          "bik": "bik",
          "bin": "bin",
          "bjn": "bjn",
          "bkm": "bkm",
          "bla": "bla",
          "bm": "bm",
          "bn": "бенгальская",
          "bo": "bo",
          "bpy": "bpy",
          "bqi": "bqi",
          "br": "брэтонская",
          "bra": "bra",
          "brh": "brh",
          "brx": "brx",
          "bs": "баснійская",
          "bss": "bss",
          "bua": "бурацкая",
          "bug": "bug",
          "bum": "bum",
          "byn": "byn",
          "byv": "byv",
          "ca": "каталонская",
          "cad": "cad",
          "car": "car",
          "cay": "cay",
          "cch": "cch",
          "ce": "чачэнская",
          "ceb": "ceb",
          "cgg": "cgg",
          "ch": "ch",
          "chb": "чыбча",
          "chg": "chg",
          "chk": "chk",
          "chm": "chm",
          "chn": "chn",
          "cho": "cho",
          "chp": "chp",
          "chr": "chr",
          "chy": "chy",
          "ckb": "ckb",
          "co": "co",
          "cop": "копцкая",
          "cps": "cps",
          "cr": "cr",
          "crh": "crh",
          "cs": "чэшская",
          "csb": "csb",
          "cu": "cu",
          "cv": "чувашская",
          "cy": "валійская",
          "da": "дацкая",
          "dak": "dak",
          "dar": "dar",
          "dav": "dav",
          "de": "нямецкая",
          "de-AT": "нямецкая (аўстр.)",
          "de-CH": "нямецкая (швейц.)",
          "del": "del",
          "den": "den",
          "dgr": "dgr",
          "din": "din",
          "dje": "dje",
          "doi": "doi",
          "dsb": "dsb",
          "dtp": "dtp",
          "dua": "dua",
          "dum": "dum",
          "dv": "dv",
          "dyo": "dyo",
          "dyu": "dyu",
          "dz": "dz",
          "dzg": "dzg",
          "ebu": "ebu",
          "ee": "ee",
          "efi": "efi",
          "egl": "egl",
          "egy": "стараэгіпецкая",
          "eka": "eka",
          "el": "грэцкая",
          "elx": "elx",
          "en": "англійская",
          "en-AU": "англійская (аўстрал.)",
          "en-CA": "англійская (канад.)",
          "en-GB": "en_GB",
          "en-GB-alt-short": "en_GB",
          "en-US": "англійская (ЗША)",
          "en-US-alt-short": "en_US",
          "enm": "enm",
          "eo": "эсперанта",
          "es": "іспанская",
          "es-419": "іспанская (лацінаамер.)",
          "es-ES": "es_ES",
          "es-MX": "es_MX",
          "esu": "esu",
          "et": "эстонская",
          "eu": "баскская",
          "ewo": "ewo",
          "ext": "ext",
          "fa": "фарсі",
          "fan": "fan",
          "fat": "fat",
          "ff": "ff",
          "fi": "фінская",
          "fil": "тагальская",
          "fit": "fit",
          "fj": "fj",
          "fo": "фарэрская",
          "fon": "fon",
          "fr": "французская",
          "fr-CA": "французская (канад.)",
          "fr-CH": "французская (швейц.)",
          "frc": "frc",
          "frm": "frm",
          "fro": "старафранцузская",
          "frp": "frp",
          "frr": "frr",
          "frs": "frs",
          "fur": "fur",
          "fy": "фрызская",
          "ga": "ірландская",
          "gaa": "gaa",
          "gag": "gag",
          "gan": "gan",
          "gay": "gay",
          "gba": "gba",
          "gbz": "gbz",
          "gd": "шатландская гэльская",
          "gez": "gez",
          "gil": "gil",
          "gl": "галісійская",
          "glk": "glk",
          "gmh": "gmh",
          "gn": "гуарані",
          "goh": "goh",
          "gom": "gom",
          "gon": "gon",
          "gor": "gor",
          "got": "got",
          "grb": "grb",
          "grc": "старагрэцкая",
          "gsw": "gsw",
          "gu": "гуяраці",
          "guc": "guc",
          "gur": "gur",
          "guz": "guz",
          "gv": "gv",
          "gwi": "gwi",
          "ha": "ha",
          "hai": "hai",
          "hak": "hak",
          "haw": "haw",
          "he": "іўрыт",
          "hi": "хіндзі",
          "hif": "hif",
          "hil": "hil",
          "hit": "hit",
          "hmn": "hmn",
          "ho": "ho",
          "hr": "харвацкая",
          "hsb": "hsb",
          "hsn": "hsn",
          "ht": "ht",
          "hu": "венгерская",
          "hup": "hup",
          "hy": "армянская",
          "hz": "hz",
          "ia": "інтэрлінгва",
          "iba": "iba",
          "ibb": "ibb",
          "id": "інданезійская",
          "ie": "інтэрлінгве",
          "ig": "ig",
          "ii": "ii",
          "ik": "ik",
          "ilo": "ilo",
          "inh": "inh",
          "io": "io",
          "is": "ісландская",
          "it": "італьянская",
          "iu": "iu",
          "izh": "izh",
          "ja": "японская",
          "jam": "jam",
          "jbo": "jbo",
          "jgo": "jgo",
          "jmc": "jmc",
          "jpr": "jpr",
          "jrb": "jrb",
          "jut": "jut",
          "jv": "яванская",
          "ka": "грузінская",
          "kaa": "kaa",
          "kab": "kab",
          "kac": "kac",
          "kaj": "kaj",
          "kam": "kam",
          "kaw": "kaw",
          "kbd": "kbd",
          "kbl": "kbl",
          "kcg": "kcg",
          "kde": "kde",
          "kea": "kea",
          "ken": "ken",
          "kfo": "kfo",
          "kg": "kg",
          "kgp": "kgp",
          "kha": "kha",
          "kho": "kho",
          "khq": "khq",
          "khw": "khw",
          "ki": "ki",
          "kiu": "kiu",
          "kj": "kj",
          "kk": "казахская",
          "kkj": "kkj",
          "kl": "kl",
          "kln": "kln",
          "km": "km",
          "kmb": "kmb",
          "kn": "каннада",
          "ko": "карэйская",
          "koi": "koi",
          "kok": "kok",
          "kos": "kos",
          "kpe": "kpe",
          "kr": "kr",
          "krc": "krc",
          "kri": "kri",
          "krj": "krj",
          "krl": "krl",
          "kru": "kru",
          "ks": "ks",
          "ksb": "ksb",
          "ksf": "ksf",
          "ksh": "ksh",
          "ku": "курдская",
          "kum": "kum",
          "kut": "kut",
          "kv": "kv",
          "kw": "kw",
          "ky": "ky",
          "la": "лацінская",
          "lad": "lad",
          "lag": "lag",
          "lah": "lah",
          "lam": "lam",
          "lb": "lb",
          "lez": "lez",
          "lfn": "lfn",
          "lg": "lg",
          "li": "li",
          "lij": "lij",
          "liv": "liv",
          "lkt": "lkt",
          "lmo": "lmo",
          "ln": "лінгала",
          "lo": "лаоская",
          "lol": "монга",
          "loz": "loz",
          "lt": "літоўская",
          "ltg": "ltg",
          "lu": "lu",
          "lua": "lua",
          "lui": "lui",
          "lun": "lun",
          "luo": "луо",
          "lus": "lus",
          "luy": "luy",
          "lv": "латышская",
          "lzh": "lzh",
          "lzz": "lzz",
          "mad": "mad",
          "maf": "maf",
          "mag": "mag",
          "mai": "mai",
          "mak": "mak",
          "man": "мандынга",
          "mas": "масаі",
          "mde": "mde",
          "mdf": "mdf",
          "mdr": "mdr",
          "men": "мендэ",
          "mer": "mer",
          "mfe": "mfe",
          "mg": "мальгашская",
          "mga": "mga",
          "mgh": "mgh",
          "mgo": "mgo",
          "mh": "mh",
          "mi": "mi",
          "mic": "mic",
          "min": "min",
          "mk": "македонская",
          "ml": "малаяламская",
          "mn": "мангольская",
          "mnc": "mnc",
          "mni": "mni",
          "moh": "moh",
          "mos": "мосі",
          "mr": "маратхі",
          "mrj": "mrj",
          "ms": "малайская",
          "mt": "мальтыйская",
          "mua": "mua",
          "mul": "mul",
          "mus": "mus",
          "mwl": "mwl",
          "mwr": "mwr",
          "mwv": "mwv",
          "my": "my",
          "mye": "mye",
          "myv": "myv",
          "mzn": "mzn",
          "na": "na",
          "nan": "nan",
          "nap": "nap",
          "naq": "naq",
          "nb": "нарвэская букмал",
          "nd": "nd",
          "nds": "nds",
          "ne": "непальская",
          "new": "new",
          "ng": "ng",
          "nia": "nia",
          "niu": "niu",
          "njo": "njo",
          "nl": "галандская",
          "nl-BE": "фламандская",
          "nmg": "nmg",
          "nn": "нарвежская (нюнорск)",
          "nnh": "nnh",
          "no": "нарвежская",
          "nog": "нагайская",
          "non": "старанарвежская",
          "nov": "nov",
          "nqo": "nqo",
          "nr": "nr",
          "nso": "nso",
          "nus": "nus",
          "nv": "nv",
          "nwc": "nwc",
          "ny": "ny",
          "nym": "nym",
          "nyn": "nyn",
          "nyo": "nyo",
          "nzi": "nzi",
          "oc": "правансальская",
          "oj": "аджыбве",
          "om": "om",
          "or": "орыя",
          "os": "асецінская",
          "osa": "osa",
          "ota": "ota",
          "pa": "панджабі",
          "pag": "pag",
          "pal": "pal",
          "pam": "pam",
          "pap": "pap",
          "pau": "pau",
          "pcd": "pcd",
          "pdc": "pdc",
          "pdt": "pdt",
          "peo": "стараперсідская",
          "pfl": "pfl",
          "phn": "фінікійская",
          "pi": "pi",
          "pl": "польская",
          "pms": "pms",
          "pnt": "pnt",
          "pon": "pon",
          "prg": "prg",
          "pro": "стараправансальская",
          "ps": "пушту",
          "pt": "партугальская",
          "pt-BR": "партугальская (бразіл.)",
          "pt-PT": "pt_PT",
          "qu": "кечуа",
          "quc": "quc",
          "qug": "qug",
          "raj": "раджастханская",
          "rap": "rap",
          "rar": "rar",
          "rgn": "rgn",
          "rif": "rif",
          "rm": "рэта-раманская",
          "rn": "rn",
          "ro": "румынская",
          "ro-MD": "малдаўская",
          "rof": "rof",
          "rom": "rom",
          "root": "root",
          "rtm": "rtm",
          "ru": "руская",
          "rue": "rue",
          "rug": "rug",
          "rup": "rup",
          "rw": "rw",
          "rwk": "rwk",
          "sa": "санскрыт",
          "sad": "sad",
          "sah": "якуцкая",
          "sam": "sam",
          "saq": "saq",
          "sas": "sas",
          "sat": "sat",
          "saz": "saz",
          "sba": "sba",
          "sbp": "sbp",
          "sc": "sc",
          "scn": "scn",
          "sco": "sco",
          "sd": "сіндхі",
          "sdc": "sdc",
          "se": "se",
          "see": "see",
          "seh": "seh",
          "sei": "sei",
          "sel": "sel",
          "ses": "ses",
          "sg": "sg",
          "sga": "стараірландская",
          "sgs": "sgs",
          "sh": "сербска-харвацкая",
          "shi": "shi",
          "shn": "shn",
          "shu": "shu",
          "si": "сінгальская",
          "sid": "sid",
          "sk": "славацкая",
          "sl": "славенская",
          "sli": "sli",
          "sly": "sly",
          "sm": "sm",
          "sma": "sma",
          "smj": "smj",
          "smn": "smn",
          "sms": "sms",
          "sn": "sn",
          "snk": "snk",
          "so": "самалійская",
          "sog": "sog",
          "sq": "албанская",
          "sr": "сербская",
          "srn": "srn",
          "srr": "srr",
          "ss": "ss",
          "ssy": "ssy",
          "st": "st",
          "stq": "stq",
          "su": "суданская",
          "suk": "suk",
          "sus": "sus",
          "sux": "шумерская",
          "sv": "шведская",
          "sw": "суахілі",
          "swb": "swb",
          "swc": "swc",
          "syc": "syc",
          "syr": "syr",
          "szl": "szl",
          "ta": "тамільская",
          "tcy": "tcy",
          "te": "тэлугу",
          "tem": "tem",
          "teo": "teo",
          "ter": "ter",
          "tet": "tet",
          "tg": "таджыкская",
          "th": "тайская",
          "ti": "тыгрынья",
          "tig": "tig",
          "tiv": "tiv",
          "tk": "туркменская",
          "tkl": "tkl",
          "tkr": "tkr",
          "tl": "tl",
          "tlh": "клінгон",
          "tli": "tli",
          "tly": "tly",
          "tmh": "tmh",
          "tn": "tn",
          "to": "to",
          "tog": "tog",
          "tpi": "tpi",
          "tr": "турэцкая",
          "tru": "tru",
          "trv": "trv",
          "ts": "ts",
          "tsd": "tsd",
          "tsi": "tsi",
          "tt": "татарская",
          "ttt": "ttt",
          "tum": "tum",
          "tvl": "tvl",
          "tw": "tw",
          "twq": "twq",
          "ty": "ty",
          "tyv": "тувінская",
          "tzm": "tzm",
          "udm": "udm",
          "ug": "уйгурская",
          "uga": "uga",
          "uk": "украінская",
          "umb": "umb",
          "und": "невядомая мова",
          "ur": "урду",
          "uz": "узбекская",
          "vai": "vai",
          "ve": "ve",
          "vec": "vec",
          "vep": "vep",
          "vi": "в’етнамская",
          "vls": "vls",
          "vmf": "vmf",
          "vo": "валапюк",
          "vot": "vot",
          "vro": "vro",
          "vun": "vun",
          "wa": "wa",
          "wae": "wae",
          "wal": "wal",
          "war": "war",
          "was": "was",
          "wo": "wo",
          "wuu": "wuu",
          "xal": "xal",
          "xh": "хоса",
          "xmf": "xmf",
          "xog": "xog",
          "yao": "yao",
          "yap": "yap",
          "yav": "yav",
          "ybb": "ybb",
          "yi": "ідыш",
          "yo": "yo",
          "yrl": "yrl",
          "yue": "yue",
          "za": "za",
          "zap": "сапатэкаў",
          "zbl": "zbl",
          "zea": "zea",
          "zen": "zen",
          "zgh": "zgh",
          "zh": "кітайская",
          "zh-Hans": "спрошчаная кітайская",
          "zh-Hant": "традыцыйная кітайская",
          "zu": "зулу",
          "zun": "zun",
          "zxx": "zxx",
          "zza": "zza"
        }
      }
    }
  }
}
