{
  "main": {
    "be": {
      "identity": {
        "version": {
          "_cldrVersion": "26",
          "_number": "$Revision: 10739 $"
        },
        "generation": {
          "_date": "$Date: 2014-08-07 12:54:13 -0500 (Thu, 07 Aug 2014) $"
        },
        "language": "be"
      },
      "localeDisplayNames": {
        "measurementSystemNames": {
          "US": "ЗША",
          "metric": "метрычная",
          "UK": "брытанская"
        }
      }
    }
  }
}
